{
  "costRemoveCraftedModifiers": [
    {
      "AMOUNT": 5,
      "ITEM": "the_vault:nullifying_focus",
      "NBT": "{}"
    }
  ],
  "craftableModifiers": {
    "PREFIX": [
    ],
    "SUFFIX": [
      { "workbenchCraftIdentifier": "the_vault:crafted_mana_regen_t0",
        "modifierIdentifier": "the_vault:crafted_mana_regen",
        "modifierTier": 0,
        "unlockCategory": "LEVEL",
        "craftingCost": [
          {
            "AMOUNT": 2,
            "ITEM": "the_vault:amplifying_focus",
            "NBT": "{}"
          },
          {
            "AMOUNT": 2,
            "ITEM": "the_vault:vault_gold",
            "NBT": "{}"
          }
        ]
      },
      { "workbenchCraftIdentifier": "the_vault:crafted_mana_regen_t1",
        "modifierIdentifier": "the_vault:crafted_mana_regen",
        "modifierTier": 1,
        "unlockCategory": "LEVEL",
        "craftingCost": [
          {
            "AMOUNT": 4,
            "ITEM": "the_vault:amplifying_focus",
            "NBT": "{}"
          },
          {
            "AMOUNT": 4,
            "ITEM": "the_vault:vault_gold",
            "NBT": "{}"
          }
        ]
      },
      { "workbenchCraftIdentifier": "the_vault:crafted_mana_regen_t2",
        "modifierIdentifier": "the_vault:crafted_mana_regen",
        "modifierTier": 2,
        "unlockCategory": "LEVEL",
        "craftingCost": [
          {
            "AMOUNT": 8,
            "ITEM": "the_vault:amplifying_focus",
            "NBT": "{}"
          },
          {
            "AMOUNT": 8,
            "ITEM": "the_vault:vault_gold",
            "NBT": "{}"
          }
        ]
      },
      { "workbenchCraftIdentifier": "the_vault:crafted_mana_regen_t3",
        "modifierIdentifier": "the_vault:crafted_mana_regen",
        "modifierTier": 3,
        "unlockCategory": "VAULT_DISCOVERY",
        "craftingCost": [
          {
            "AMOUNT": 12,
            "ITEM": "the_vault:amplifying_focus",
            "NBT": "{}"
          },
          {
            "AMOUNT": 12,
            "ITEM": "the_vault:vault_gold",
            "NBT": "{}"
          }
        ]
      },
      { "workbenchCraftIdentifier": "the_vault:crafted_mana_regen_t4",
        "modifierIdentifier": "the_vault:crafted_mana_regen",
        "modifierTier": 4,
        "unlockCategory": "VAULT_DISCOVERY",
        "craftingCost": [
          {
            "AMOUNT": 16,
            "ITEM": "the_vault:amplifying_focus",
            "NBT": "{}"
          },
          {
            "AMOUNT": 16,
            "ITEM": "the_vault:vault_gold",
            "NBT": "{}"
          }
        ]
      },
      { "workbenchCraftIdentifier": "the_vault:crafted_mana_regen_t5",
        "modifierIdentifier": "the_vault:crafted_mana_regen",
        "modifierTier": 5,
        "unlockCategory": "VAULT_DISCOVERY",
        "craftingCost": [
          {
            "AMOUNT": 24,
            "ITEM": "the_vault:amplifying_focus",
            "NBT": "{}"
          },
          {
            "AMOUNT": 24,
            "ITEM": "the_vault:vault_gold",
            "NBT": "{}"
          }
        ]
      },
      { "workbenchCraftIdentifier": "the_vault:crafted_mana_regen_t6",
        "modifierIdentifier": "the_vault:crafted_mana_regen",
        "modifierTier": 6,
        "unlockCategory": "VAULT_DISCOVERY",
        "craftingCost": [
          {
            "AMOUNT": 32,
            "ITEM": "the_vault:amplifying_focus",
            "NBT": "{}"
          },
          {
            "AMOUNT": 32,
            "ITEM": "the_vault:vault_gold",
            "NBT": "{}"
          }
        ]
      },
      { "workbenchCraftIdentifier": "the_vault:crafted_mana_regen_t7",
        "modifierIdentifier": "the_vault:crafted_mana_regen",
        "modifierTier": 7,
        "unlockCategory": "VAULT_DISCOVERY",
        "craftingCost": [
          {
            "AMOUNT": 48,
            "ITEM": "the_vault:amplifying_focus",
            "NBT": "{}"
          },
          {
            "AMOUNT": 48,
            "ITEM": "the_vault:vault_gold",
            "NBT": "{}"
          }
        ]
      },

      { "workbenchCraftIdentifier": "the_vault:crafted_durability_t0",
        "modifierIdentifier": "the_vault:crafted_durability",
        "modifierTier": 0,
        "unlockCategory": "LEVEL",
        "craftingCost": [
          {
            "AMOUNT": 2,
            "ITEM": "the_vault:amplifying_focus",
            "NBT": "{}"
          },
          {
            "AMOUNT": 2,
            "ITEM": "the_vault:vault_gold",
            "NBT": "{}"
          }
        ]
      },
      { "workbenchCraftIdentifier": "the_vault:crafted_durability_t1",
        "modifierIdentifier": "the_vault:crafted_durability",
        "modifierTier": 1,
        "unlockCategory": "LEVEL",
        "craftingCost": [
          {
            "AMOUNT": 4,
            "ITEM": "the_vault:amplifying_focus",
            "NBT": "{}"
          },
          {
            "AMOUNT": 4,
            "ITEM": "the_vault:vault_gold",
            "NBT": "{}"
          }
        ]
      },
      { "workbenchCraftIdentifier": "the_vault:crafted_durability_t2",
        "modifierIdentifier": "the_vault:crafted_durability",
        "modifierTier": 2,
        "unlockCategory": "VAULT_DISCOVERY",
        "craftingCost": [
          {
            "AMOUNT": 8,
            "ITEM": "the_vault:amplifying_focus",
            "NBT": "{}"
          },
          {
            "AMOUNT": 8,
            "ITEM": "the_vault:vault_gold",
            "NBT": "{}"
          }
        ]
      },
      { "workbenchCraftIdentifier": "the_vault:crafted_durability_t3",
        "modifierIdentifier": "the_vault:crafted_durability",
        "modifierTier": 3,
        "unlockCategory": "VAULT_DISCOVERY",
        "craftingCost": [
          {
            "AMOUNT": 16,
            "ITEM": "the_vault:amplifying_focus",
            "NBT": "{}"
          },
          {
            "AMOUNT": 16,
            "ITEM": "the_vault:vault_gold",
            "NBT": "{}"
          }
        ]
      },
      { "workbenchCraftIdentifier": "the_vault:crafted_durability_t4",
        "modifierIdentifier": "the_vault:crafted_durability",
        "modifierTier": 4,
        "unlockCategory": "VAULT_DISCOVERY",
        "craftingCost": [
          {
            "AMOUNT": 32,
            "ITEM": "the_vault:amplifying_focus",
            "NBT": "{}"
          },
          {
            "AMOUNT": 32,
            "ITEM": "the_vault:vault_gold",
            "NBT": "{}"
          }
        ]
      },

      { "workbenchCraftIdentifier": "the_vault:crafted_lucky_hit_chance_t0",
        "modifierIdentifier": "the_vault:crafted_lucky_hit_chance",
        "modifierTier": 0,
        "unlockCategory": "LEVEL",
        "craftingCost": [
          {
            "AMOUNT": 8,
            "ITEM": "the_vault:amplifying_focus",
            "NBT": "{}"
          },
          {
            "AMOUNT": 8,
            "ITEM": "the_vault:vault_gold",
            "NBT": "{}"
          }
        ]
      },
      { "workbenchCraftIdentifier": "the_vault:crafted_lucky_hit_chance_t1",
        "modifierIdentifier": "the_vault:crafted_lucky_hit_chance",
        "modifierTier": 1,
        "unlockCategory": "VAULT_DISCOVERY",
        "craftingCost": [
          {
            "AMOUNT": 16,
            "ITEM": "the_vault:amplifying_focus",
            "NBT": "{}"
          },
          {
            "AMOUNT": 16,
            "ITEM": "the_vault:vault_gold",
            "NBT": "{}"
          }
        ]
      },
      { "workbenchCraftIdentifier": "the_vault:crafted_lucky_hit_chance_t2",
        "modifierIdentifier": "the_vault:crafted_lucky_hit_chance",
        "modifierTier": 2,
        "unlockCategory": "VAULT_DISCOVERY",
        "craftingCost": [
          {
            "AMOUNT": 32,
            "ITEM": "the_vault:amplifying_focus",
            "NBT": "{}"
          },
          {
            "AMOUNT": 32,
            "ITEM": "the_vault:vault_gold",
            "NBT": "{}"
          }
        ]
      },
      { "workbenchCraftIdentifier": "the_vault:crafted_trap_disarming_t0",
        "modifierIdentifier": "the_vault:crafted_trap_disarming",
        "modifierTier": 0,
        "unlockCategory": "LEVEL",
        "craftingCost": [
          {
            "AMOUNT": 2,
            "ITEM": "the_vault:amplifying_focus",
            "NBT": "{}"
          },
          {
            "AMOUNT": 2,
            "ITEM": "the_vault:vault_gold",
            "NBT": "{}"
          }
        ]
      },
      { "workbenchCraftIdentifier": "the_vault:crafted_trap_disarming_t1",
        "modifierIdentifier": "the_vault:crafted_trap_disarming",
        "modifierTier": 1,
        "unlockCategory": "LEVEL",
        "craftingCost": [
          {
            "AMOUNT": 4,
            "ITEM": "the_vault:amplifying_focus",
            "NBT": "{}"
          },
          {
            "AMOUNT": 4,
            "ITEM": "the_vault:vault_gold",
            "NBT": "{}"
          }
        ]
      },
      { "workbenchCraftIdentifier": "the_vault:crafted_trap_disarming_t2",
        "modifierIdentifier": "the_vault:crafted_trap_disarming",
        "modifierTier": 2,
        "unlockCategory": "LEVEL",
        "craftingCost": [
          {
            "AMOUNT": 8,
            "ITEM": "the_vault:amplifying_focus",
            "NBT": "{}"
          },
          {
            "AMOUNT": 8,
            "ITEM": "the_vault:vault_gold",
            "NBT": "{}"
          }
        ]
      },
      { "workbenchCraftIdentifier": "the_vault:crafted_trap_disarming_t3",
        "modifierIdentifier": "the_vault:crafted_trap_disarming",
        "modifierTier": 3,
        "unlockCategory": "VAULT_DISCOVERY",
        "craftingCost": [
          {
            "AMOUNT": 16,
            "ITEM": "the_vault:amplifying_focus",
            "NBT": "{}"
          },
          {
            "AMOUNT": 16,
            "ITEM": "the_vault:vault_gold",
            "NBT": "{}"
          }
        ]
      },
      { "workbenchCraftIdentifier": "the_vault:crafted_soul_chance_t0",
        "modifierIdentifier": "the_vault:crafted_soul_chance",
        "modifierTier": 0,
        "unlockCategory": "LEVEL",
        "craftingCost": [
          {
            "AMOUNT": 4,
            "ITEM": "the_vault:amplifying_focus",
            "NBT": "{}"
          },
          {
            "AMOUNT": 4,
            "ITEM": "the_vault:vault_gold",
            "NBT": "{}"
          }
        ]
      },
      { "workbenchCraftIdentifier": "the_vault:crafted_soul_chance_t1",
        "modifierIdentifier": "the_vault:crafted_soul_chance",
        "modifierTier": 1,
        "unlockCategory": "LEVEL",
        "craftingCost": [
          {
            "AMOUNT": 8,
            "ITEM": "the_vault:amplifying_focus",
            "NBT": "{}"
          },
          {
            "AMOUNT": 8,
            "ITEM": "the_vault:vault_gold",
            "NBT": "{}"
          }
        ]
      },
      { "workbenchCraftIdentifier": "the_vault:crafted_soul_chance_t2",
        "modifierIdentifier": "the_vault:crafted_soul_chance",
        "modifierTier": 2,
        "unlockCategory": "VAULT_DISCOVERY",
        "craftingCost": [
          {
            "AMOUNT": 16,
            "ITEM": "the_vault:amplifying_focus",
            "NBT": "{}"
          },
          {
            "AMOUNT": 16,
            "ITEM": "the_vault:vault_gold",
            "NBT": "{}"
          }
        ]
      },
      { "workbenchCraftIdentifier": "the_vault:crafted_soul_chance_t3",
        "modifierIdentifier": "the_vault:crafted_soul_chance",
        "modifierTier": 3,
        "unlockCategory": "VAULT_DISCOVERY",
        "craftingCost": [
          {
            "AMOUNT": 32,
            "ITEM": "the_vault:amplifying_focus",
            "NBT": "{}"
          },
          {
            "AMOUNT": 32,
            "ITEM": "the_vault:vault_gold",
            "NBT": "{}"
          }
        ]
      },
      { "workbenchCraftIdentifier": "the_vault:crafted_soulbound_t0",
        "modifierIdentifier": "the_vault:crafted_soulbound",
        "modifierTier": 0,
        "unlockCategory": "LEVEL",
        "craftingCost": [
          {
            "AMOUNT": 8,
            "ITEM": "the_vault:amplifying_focus",
            "NBT": "{}"
          },
          {
            "AMOUNT": 8,
            "ITEM": "the_vault:vault_gold",
            "NBT": "{}"
          }
        ]
      },
      { "workbenchCraftIdentifier": "the_vault:crafted_healing_eff_t0",
        "modifierIdentifier": "the_vault:crafted_healing_efficiency",
        "modifierTier": 0,
        "unlockCategory": "LEVEL",
        "craftingCost": [
          {
            "AMOUNT": 2,
            "ITEM": "the_vault:amplifying_focus",
            "NBT": "{}"
          },
          {
            "AMOUNT": 2,
            "ITEM": "the_vault:vault_gold",
            "NBT": "{}"
          }
        ]
      },
      { "workbenchCraftIdentifier": "the_vault:crafted_healing_eff_t1",
        "modifierIdentifier": "the_vault:crafted_healing_efficiency",
        "modifierTier": 1,
        "unlockCategory": "LEVEL",
        "craftingCost": [
          {
            "AMOUNT": 4,
            "ITEM": "the_vault:amplifying_focus",
            "NBT": "{}"
          },
          {
            "AMOUNT": 4,
            "ITEM": "the_vault:vault_gold",
            "NBT": "{}"
          }
        ]
      },
      { "workbenchCraftIdentifier": "the_vault:crafted_healing_eff_t2",
        "modifierIdentifier": "the_vault:crafted_healing_efficiency",
        "modifierTier": 2,
        "unlockCategory": "LEVEL",
        "craftingCost": [
          {
            "AMOUNT": 8,
            "ITEM": "the_vault:amplifying_focus",
            "NBT": "{}"
          },
          {
            "AMOUNT": 8,
            "ITEM": "the_vault:vault_gold",
            "NBT": "{}"
          }
        ]
      },
      { "workbenchCraftIdentifier": "the_vault:crafted_healing_eff_t3",
        "modifierIdentifier": "the_vault:crafted_healing_efficiency",
        "modifierTier": 3,
        "unlockCategory": "VAULT_DISCOVERY",
        "craftingCost": [
          {
            "AMOUNT": 16,
            "ITEM": "the_vault:amplifying_focus",
            "NBT": "{}"
          },
          {
            "AMOUNT": 16,
            "ITEM": "the_vault:vault_gold",
            "NBT": "{}"
          }
        ]
      },
      { "workbenchCraftIdentifier": "the_vault:crafted_healing_eff_t4",
        "modifierIdentifier": "the_vault:crafted_healing_efficiency",
        "modifierTier": 4,
        "unlockCategory": "VAULT_DISCOVERY",
        "craftingCost": [
          {
            "AMOUNT": 24,
            "ITEM": "the_vault:amplifying_focus",
            "NBT": "{}"
          },
          {
            "AMOUNT": 24,
            "ITEM": "the_vault:vault_gold",
            "NBT": "{}"
          }
        ]
      },
      { "workbenchCraftIdentifier": "the_vault:crafted_healing_eff_t5",
        "modifierIdentifier": "the_vault:crafted_healing_efficiency",
        "modifierTier": 5,
        "unlockCategory": "VAULT_DISCOVERY",
        "craftingCost": [
          {
            "AMOUNT": 32,
            "ITEM": "the_vault:amplifying_focus",
            "NBT": "{}"
          },
          {
            "AMOUNT": 32,
            "ITEM": "the_vault:vault_gold",
            "NBT": "{}"
          }
        ]
      }
      
    ]
  }
}