{
  "catalystMinLevel": 20,
  "catalystChances": {
    "the_vault:wooden_chest": {
      "RARE": 0.2,
      "EPIC": 0.5,
      "COMMON": 0.05,
      "OMEGA": 1.0
    },
    "the_vault:gilded_chest": {
      "RARE": 0.0,
      "EPIC": 0.0,
      "COMMON": 0.0,
      "OMEGA": 0.0
    },
    "the_vault:living_chest": {
      "RARE": 0.0,
      "EPIC": 0.0,
      "COMMON": 0.0,
      "OMEGA": 0.0
    },
    "the_vault:ornate_chest": {
      "RARE": 0.0,
      "EPIC": 0.0,
      "COMMON": 0.0,
      "OMEGA": 0.0
    },
    "the_vault:treasure_chest": {
      "RARE": 0.0,
      "EPIC": 0.0,
      "COMMON": 0.0,
      "OMEGA": 0.0
    },
    "the_vault:altar_chest": {
      "RARE": 0.0,
      "EPIC": 0.0,
      "COMMON": 0.0,
      "OMEGA": 0.0
    }
  },
  "runeChances": {
    "the_vault:wooden_chest": {
      "RARE": 0.0,
      "EPIC": 0.0,
      "COMMON": 0.0,
      "OMEGA": 0.0
    },
    "the_vault:gilded_chest": {
      "RARE": 0.0,
      "EPIC": 0.0,
      "COMMON": 0.0,
      "OMEGA": 0.0
    },
    "the_vault:living_chest": {
      "RARE": 0.0,
      "EPIC": 0.0,
      "COMMON": 0.0,
      "OMEGA": 0.0
    },
    "the_vault:ornate_chest": {
      "RARE": 0.0,
      "EPIC": 0.0,
      "COMMON": 0.0,
      "OMEGA": 0.0
    },
    "the_vault:treasure_chest": {
      "RARE": 0.0,
      "EPIC": 0.0,
      "COMMON": 0.0,
      "OMEGA": 0.0
    },
    "the_vault:altar_chest": {
      "RARE": 0.0,
      "EPIC": 0.0,
      "COMMON": 0.0,
      "OMEGA": 0.0
    }
  }
}