{
  "ENABLED": true,
  "GHOST_WALK": {
    "color": "#ABEABE",
    "alpha": 0.125,
    "style": "vignette"
  },
  "EMPOWER": {
    "color": "#FFFFFF",
    "alpha": 0.125,
    "style": "vignette"
  },
  "EMPOWER_ICE_ARMOUR": {
    "color": "#FFFFFF",
    "alpha": 0.125,
    "style": "vignette"
  },
  "EXECUTE": {
    "color": "#FF0000",
    "alpha": 0.125,
    "style": "vignette"
  },
  "MANA_SHIELD": {
    "color": "#00FFFF",
    "alpha": 0.125,
    "style": "vignette"
  },
  "MANA_SHIELD_RETRIBUTION": {
    "color": "#00FFFF",
    "alpha": 0.125,
    "style": "vignette"
  },
  "RAMPAGE": {
    "color": "#FF0000",
    "alpha": 0.125,
    "style": "vignette"
  },
  "RAMPAGE_LEECH": {
    "color": "#FF0000",
    "alpha": 0.125,
    "style": "vignette"
  },
  "RAMPAGE_CHAIN": {
    "color": "#FF0000",
    "alpha": 0.125,
    "style": "vignette"
  },
  "STONEFALL": {
    "color": "#999999",
    "alpha": 0.75,
    "style": "vignette"
  },
  "STONEFALL_COLD": {
    "color": "#FFFFFF",
    "alpha": 0.75,
    "style": "vignette"
  },
  "STONEFALL_SHOCKWAVE": {
    "color": "#FFFFFF",
    "alpha": 0.75,
    "style": "vignette"
  },
  "RAGE": {
    "color": "#FF0000",
    "alpha": 0.5,
    "style": "vignette"
  },
  "SHELL": {
    "color": "#FFFFFF",
    "alpha": 0.125,
    "style": "vignette"
  },
  "SHELL_PORCUPINE": {
    "color": "#FFFFFF",
    "alpha": 0.125,
    "style": "vignette"
  },
  "SHELL_QUILL": {
    "color": "#FFFFFF",
    "alpha": 0.125,
    "style": "vignette"
  }
}