{
  "LEVELS": [
    {
      "MIN_LEVEL": 0,
      "TRADE_POOL": [
        {
          "value": {
            "OFFER": {
              "item": "the_vault:helmet",
              "nbt": "{\"the_vault:gear_roll_type_pool\":\"shop_pedestal\"}"
            },
            "CURRENCY": "the_vault:vault_bronze",
            "MIN_COST": 162,
            "MAX_COST": 512
          },
          "weight": 80
        },
        {
          "value": {
            "OFFER": {
              "item": "the_vault:chestplate",
              "nbt": "{\"the_vault:gear_roll_type_pool\":\"shop_pedestal\"}"
            },
            "CURRENCY": "the_vault:vault_bronze",
            "MIN_COST": 162,
            "MAX_COST": 512
          },
          "weight": 80
        },
        {
          "value": {
            "OFFER": {
              "item": "the_vault:leggings",
              "nbt": "{\"the_vault:gear_roll_type_pool\":\"shop_pedestal\"}"
            },
            "CURRENCY": "the_vault:vault_bronze",
            "MIN_COST": 162,
            "MAX_COST": 512
          },
          "weight": 80
        },
        {
          "value": {
            "OFFER": {
              "item": "the_vault:boots",
              "nbt": "{\"the_vault:gear_roll_type_pool\":\"shop_pedestal\"}"
            },
            "CURRENCY": "the_vault:vault_bronze",
            "MIN_COST": 162,
            "MAX_COST": 512
          },
          "weight": 80
        },
        {
          "value": {
            "OFFER": {
              "item": "the_vault:sword",
              "nbt": "{\"the_vault:gear_roll_type_pool\":\"shop_pedestal\"}"
            },
            "CURRENCY": "the_vault:vault_bronze",
            "MIN_COST": 162,
            "MAX_COST": 512
          },
          "weight": 80
        },
        {
          "value": {
            "OFFER": {
              "item": "the_vault:axe",
              "nbt": "{\"the_vault:gear_roll_type_pool\":\"shop_pedestal\"}"
            },
            "CURRENCY": "the_vault:vault_bronze",
            "MIN_COST": 162,
            "MAX_COST": 512
          },
          "weight": 80
        },
        {
          "value": {
            "OFFER": {
              "item": "the_vault:shield",
              "nbt": "{\"the_vault:gear_roll_type_pool\":\"shop_pedestal\"}"
            },
            "CURRENCY": "the_vault:vault_bronze",
            "MIN_COST": 162,
            "MAX_COST": 512
          },
          "weight": 65
        },
        {
          "value": {
            "OFFER": {
              "item": "the_vault:wand",
              "nbt": "{\"the_vault:gear_roll_type_pool\":\"shop_pedestal\"}"
            },
            "CURRENCY": "the_vault:vault_bronze",
            "MIN_COST": 162,
            "MAX_COST": 512
          },
          "weight": 65
        },
        {
          "value": {
            "OFFER": {
              "item": "the_vault:idol_benevolent",
              "nbt": "{\"the_vault:gear_roll_type_pool\":\"shop_pedestal\"}"
            },
            "CURRENCY": "the_vault:vault_bronze",
            "MIN_COST": 162,
            "MAX_COST": 512
          },
          "weight": 12
        },
        {
          "value": {
            "OFFER": {
              "item": "the_vault:idol_omniscient",
              "nbt": "{\"the_vault:gear_roll_type_pool\":\"shop_pedestal\"}"
            },
            "CURRENCY": "the_vault:vault_bronze",
            "MIN_COST": 162,
            "MAX_COST": 512
          },
          "weight": 12
        },
        {
          "value": {
            "OFFER": {
              "item": "the_vault:idol_timekeeper",
              "nbt": "{\"the_vault:gear_roll_type_pool\":\"shop_pedestal\"}"
            },
            "CURRENCY": "the_vault:vault_bronze",
            "MIN_COST": 162,
            "MAX_COST": 512
          },
          "weight": 12
        },
        {
          "value": {
            "OFFER": {
              "item": "the_vault:idol_malevolence",
              "nbt": "{\"the_vault:gear_roll_type_pool\":\"shop_pedestal\"}"
            },
            "CURRENCY": "the_vault:vault_bronze",
            "MIN_COST": 162,
            "MAX_COST": 512
          },
          "weight": 12
        },
        {
          "value": {
            "OFFER": {
              "item": "the_vault:inscription",
              "nbt": "{pool:\"the_vault:empty\"}"
            },
            "CURRENCY": "the_vault:vault_bronze",
            "MIN_COST": 64,
            "MAX_COST": 128
          },
          "weight": 80
        },
        {
          "value": {
            "OFFER": {
              "item": "the_vault:inscription",
              "nbt": "{pool:\"the_vault:bounty\"}"
            },
            "CURRENCY": "the_vault:vault_bronze",
            "MIN_COST": 256,
            "MAX_COST": 512
          },
          "weight": 20
        },
        {
          "value": {
            "OFFER": {
              "item": "the_vault:jewel",
              "nbt": "{\"the_vault:gear_roll_type_pool\":\"jewel_blackmarket\"}"
            },
            "CURRENCY": "the_vault:vault_bronze",
            "MIN_COST": 128,
            "MAX_COST": 256
          },
          "weight": 100
        },
        {
          "value": {
            "OFFER": {
              "item": "the_vault:trinket_scrap",
              "nbt": "{}"
            },
            "CURRENCY": "the_vault:vault_bronze",
            "MIN_COST": 300,
            "MAX_COST": 600
          },
          "weight": 10
        },
        {
          "value": {
            "OFFER": {
              "item": "the_vault:trinket",
              "nbt": "{}"
            },
            "CURRENCY": "the_vault:vault_bronze",
            "MIN_COST": 600,
            "MAX_COST": 1000
          },
          "weight": 2
        },
        {
          "value": {
            "OFFER": {
              "item": "the_vault:artifact_fragment",
              "nbt": "{}"
            },
            "CURRENCY": "the_vault:vault_bronze",
            "MIN_COST": 600,
            "MAX_COST": 1000
          },
          "weight": 1
        }
      ]
    }
  ]
}