{
  "processingTickTime": 20,
  "additionalOutputRarityChances": {
    "SCRAPPY": 0.0,
    "COMMON": 0.25,
    "RARE": 0.5,
    "EPIC": 0.75,
    "OMEGA": 1.0
  },
  "gearRecyclingOutput": {
    "mainOutput": {
      "chance": 1.0,
      "stack": {
        "item": "the_vault:vault_scrap"
      },
      "minCount": 4,
      "maxCount": 8
    },
    "extraOutput1": {
      "chance": 0.2,
      "stack": {
        "item": "minecraft:netherite_scrap"
      },
      "minCount": 1,
      "maxCount": 1
    },
    "extraOutput2": {
      "chance": 0.0,
      "stack": {
        "item": "the_vault:faceted_focus"
      },
      "minCount": 1,
      "maxCount": 1
    }
  },
  "magnetRecyclingOutput": {
    "mainOutput": {
      "chance": 1.0,
      "stack": {
        "item": "the_vault:magnetite"
      },
      "minCount": 4,
      "maxCount": 8
    },
    "extraOutput1": {
      "chance": 0.2,
      "stack": {
        "item": "the_vault:chromatic_iron_nugget"
      },
      "minCount": 1,
      "maxCount": 2
    },
    "extraOutput2": {
      "chance": 0.0,
      "stack": {
        "item": "the_vault:faceted_focus"
      },
      "minCount": 1,
      "maxCount": 1
    }
  },
  "trinketRecyclingOutput": {
    "mainOutput": {
      "chance": 1.0,
      "stack": {
        "item": "the_vault:trinket_scrap"
      },
      "minCount": 1,
      "maxCount": 1
    },
    "extraOutput1": {
      "chance": 0.0,
      "stack": {
        "item": "minecraft:air"
      },
      "minCount": 1,
      "maxCount": 3
    },
    "extraOutput2": {
      "chance": 0.0,
      "stack": {
        "item": "minecraft:air"
      },
      "minCount": 1,
      "maxCount": 1
    }
  },
  "jewelRecyclingOutput": {
    "mainOutput": {
      "chance": 1.0,
      "stack": {
        "item": "the_vault:silver_scrap"
        
      },
      "minCount": 5,
      "maxCount": 8
    },
    "extraOutput1": {
      "chance": 0.05,
      "stack": {
        "item": "the_vault:gemstone"
      },
      "minCount": 1,
      "maxCount": 1
    },
    "extraOutput2": {
      "chance": 1.0,
      "stack": {
        "item": "minecraft:air"
      },
      "minCount": 0,
      "maxCount": 0
    }
  },
  "inscriptionRecyclingOutput": {
    "mainOutput": {
      "chance": 1.0,
      "stack": {
        "item": "the_vault:inscription_piece"
      },
      "minCount": 3,
      "maxCount": 6
    },
    "extraOutput1": {
      "chance": 0.5,
      "stack": {
        "item": "the_vault:inscription_piece"
      },
      "minCount": 1,
      "maxCount": 1
    },
    "extraOutput2": {
      "chance": 0.1,
      "stack": {
        "item": "the_vault:inscription_piece"
      },
      "minCount": 1,
      "maxCount": 1
    }
  }
}