{
  "modifierGroup": {
    "IMPLICIT": [
      { "attribute": "the_vault:tenos_affinity",
          "group": "BaseAffinity",
          "identifier": "the_vault:base_affinity",
          "tiers": [
            {
              "minLevel": 0,
              "maxLevel": -1,
              "weight": 10,
              "value": {
                "min": 0.01,
                "max": 0.05,
                "step": 0.01
              }
            },
            {
              "minLevel": 21,
              "maxLevel": -1,
              "weight": 10,
              "value": {
                "min": 0.06,
                "max": 0.1,
                "step": 0.01
              }
            },
            {
              "minLevel": 43,
              "maxLevel": -1,
              "weight": 10,
              "value": {
                "min": 0.11,
                "max": 0.15,
                "step": 0.01
              }
            },
            {
              "minLevel": 66,
              "maxLevel": -1,
              "weight": 10,
              "value": {
                "min": 0.16,
                "max": 0.2,
                "step": 0.01
              }
            },
            {
              "minLevel": 85,
              "maxLevel": -1,
              "weight": 10,
              "value": {
                "min": 0.21,
                "max": 0.25,
                "step": 0.01
              }
            },
            {
              "minLevel": 100,
              "maxLevel": -1,
              "weight": 10,
              "value": {
                "min": 0.26,
                "max": 0.35,
                "step": 0.01
              }
            }
          ]
      },
      { "attribute": "the_vault:durability",
        "group": "BaseDurability",
        "identifier": "the_vault:base_durability",
        "tiers": [
          {
            "minLevel": 0,
            "maxLevel": -1,
            "weight": 10,
            "value": {
              "min": 800,
              "max": 1600,
              "step": 1
            }
          },
          {
            "minLevel": 21,
            "maxLevel": -1,
            "weight": 10,
            "value": {
              "min": 1601,
              "max": 2400,
              "step": 1
            }
          },
          {
            "minLevel": 42,
            "maxLevel": -1,
            "weight": 10,
            "value": {
              "min": 2401,
              "max": 3200,
              "step": 1
            }
          },
          {
            "minLevel": 63,
            "maxLevel": -1,
            "weight": 10,
            "value": {
              "min": 3201,
              "max": 4000,
              "step": 1
            }
          },
          {
            "minLevel": 88,
            "maxLevel": -1,
            "weight": 10,
            "value": {
              "min": 4001,
              "max": 5000,
              "step": 1
            }
          }
        ]
      },
      { "attribute": "the_vault:mana_additive",
        "group": "BaseMaxMana",
        "identifier": "the_vault:base_mana_additive",
        "tags": [
        ],
        "tiers": [
          {
            "minLevel": 0,
            "maxLevel": -1,
            "weight": 10,
            "value": {
              "min": 10,
              "max": 20,
              "step": 1
            }
          },
          {
            "minLevel": 22,
            "maxLevel": -1,
            "weight": 10,
            "value": {
              "min": 21,
              "max": 40,
              "step": 1
            }
          },
          {
            "minLevel": 52,
            "maxLevel": -1,
            "weight": 10,
            "value": {
              "min": 41,
              "max": 70,
              "step": 1
            }
          },
          {
            "minLevel": 70,
            "maxLevel": -1,
            "weight": 10,
            "value": {
              "min": 71,
              "max": 90,
              "step": 1
            }
          },
          {
            "minLevel": 96,
            "maxLevel": -1,
            "weight": 10,
            "value": {
              "min": 91,
              "max": 100,
              "step": 1
            }
          }
        ]
      },
      { "attribute": "the_vault:soulbound",
        "group": "BaseSoulbound",
        "identifier": "the_vault:base_soulbound",
        "tags": [
        ],
        "tiers": [
          {
            "minLevel": 0,
            "maxLevel": -1,
            "weight": 20,
            "value": {
              "flag": true
            }
          }
        ]
      },
      { "attribute": "the_vault:soulbound",
        "group": "BaseSoulbound",
        "identifier": "the_vault:base_no_soulbound",
        "tags": [
        ],
        "tiers": [
          {
            "minLevel": 0,
            "maxLevel": -1,
            "weight": 80,
            "value": {
              "flag": false
            }
          }
        ]
      }
    ],
    "PREFIX": [],
    "SUFFIX": [
      

      { "attribute": "the_vault:mana_regen",
        "group": "ModManaRegen",
        "identifier": "the_vault:mod_mana_regen",
        "tags": [
          "focusManaRegen"
        ],
        "tiers": [
          {
            "minLevel": 0,
            "maxLevel": 54,
            "weight": 10,
            "value": {
              "min": 0.1,
              "max": 0.2,
              "step": 0.01
            }
          },
          {
            "minLevel": 23,
            "maxLevel": 66,
            "weight": 10,
            "value": {
              "min": 0.21,
              "max": 0.3,
              "step": 0.01
            }
          },
          {
            "minLevel": 34,
            "maxLevel": 80,
            "weight": 10,
            "value": {
              "min": 0.31,
              "max": 0.4,
              "step": 0.01
            }
          },
          {
            "minLevel": 46,
            "maxLevel": -1,
            "weight": 10,
            "value": {
              "min": 0.41,
              "max": 0.5,
              "step": 0.01
            }
          },
          {
            "minLevel": 55,
            "maxLevel": -1,
            "weight": 10,
            "value": {
              "min": 0.51,
              "max": 0.6,
              "step": 0.01
            }
          },
          {
            "minLevel": 67,
            "maxLevel": -1,
            "weight": 10,
            "value": {
              "min": 0.61,
              "max": 0.7,
              "step": 0.01
            }
          },
          {
            "minLevel": 81,
            "maxLevel": -1,
            "weight": 10,
            "value": {
              "min": 0.71,
              "max": 0.8,
              "step": 0.01
            }
          },
          {
            "minLevel": 92,
            "maxLevel": -1,
            "weight": 10,
            "value": {
              "min": 0.81,
              "max": 1.0,
              "step": 0.01
            }
          },
          {
            "minLevel": 101,
            "maxLevel": -1,
            "weight": 100,
            "value": {
              "min": 1.01,
              "max": 1.3,
              "step": 0.01
            }
          },
          {
            "minLevel": 102,
            "maxLevel": -1,
            "weight": 100,
            "value": {
              "min": 1.31,
              "max": 2.0,
              "step": 0.01
            }
          }
        ]
      },
      { "attribute": "the_vault:healing_effectiveness",
      "group": "ModHealth",
      "identifier": "the_vault:mod_healing_efficiency",
      "tags": [
        "focusHealingEff"
      ],
      "tiers": [
        {
          "minLevel": 0,
          "maxLevel": 65,
          "weight": 10,
          "value": {
            "min": 0.05,
            "max": 0.1,
            "step": 0.01
          }
        },
        {
          "minLevel": 25,
          "maxLevel": 81,
          "weight": 10,
          "value": {
            "min": 0.11,
            "max": 0.18,
            "step": 0.01
          }
        },
        {
          "minLevel": 46,
          "maxLevel": -1,
          "weight": 10,
          "value": {
            "min": 0.19,
            "max": 0.26,
            "step": 0.01
          }
        },
        {
          "minLevel": 66,
          "maxLevel": -1,
          "weight": 10,
          "value": {
            "min": 0.27,
            "max": 0.32,
            "step": 0.01
          }
        },
        {
          "minLevel": 82,
          "maxLevel": -1,
          "weight": 10,
          "value": {
            "min": 0.33,
            "max": 0.37,
            "step": 0.01
          }
        },
        {
          "minLevel": 98,
          "maxLevel": -1,
          "weight": 10,
          "value": {
            "min": 0.38,
            "max": 0.42,
            "step": 0.01
          }
        },
        {
          "minLevel": 101,
          "maxLevel": -1,
          "weight": 10,
          "value": {
            "min": 0.43,
            "max": 0.55,
            "step": 0.01
          }
        },
        {
          "minLevel": 102,
          "maxLevel": -1,
          "weight": 10,
          "value": {
            "min": 0.56,
            "max": 0.7,
            "step": 0.01
          }
        }
      ]
      },
      { "attribute": "the_vault:durability",
        "group": "ModDurability",
        "identifier": "the_vault:mod_durability",
        "tags": [
          "focusDurability",
          "noLegendary"
        ],
        "tiers": [
          {
            "minLevel": 11,
            "maxLevel": 66,
            "weight": 600,
            "value": {
              "min": 400,
              "max": 800,
              "step": 1
            }
          },
          {
            "minLevel": 28,
            "maxLevel": -1,
            "weight": 600,
            "value": {
              "min": 801,
              "max": 1600,
              "step": 1
            }
          },
          {
            "minLevel": 46,
            "maxLevel": -1,
            "weight": 600,
            "value": {
              "min": 1601,
              "max": 2400,
              "step": 1
            }
          },
          {
            "minLevel": 67,
            "maxLevel": -1,
            "weight": 600,
            "value": {
              "min": 2401,
              "max": 3200,
              "step": 1
            }
          },
          {
            "minLevel": 89,
            "maxLevel": -1,
            "weight": 600,
            "value": {
              "min": 3201,
              "max": 4000,
              "step": 1
            }
          },
          {
            "minLevel": 101,
            "maxLevel": -1,
            "weight": 100,
            "value": {
              "min": 4001,
              "max": 6000,
              "step": 1
            }
          },
          {
            "minLevel": 102,
            "maxLevel": -1,
            "weight": 100,
            "value": {
              "min": 6001,
              "max": 8000,
              "step": 1
            }
          }
        ]
      },
      { "attribute": "the_vault:lucky_hit_chance",
        "group": "ModOnHit",
        "identifier": "the_vault:mod_lucky_hit_chance",
        "tags": [
          "focusLuckyHitChance"
        ],
        "tiers": [
          {
            "minLevel": 25,
            "maxLevel": -1,
            "weight": 10,
            "value": {
              "min": 0.04,
              "max": 0.06,
              "step": 0.01
            }
          },
          {
            "minLevel": 50,
            "maxLevel": -1,
            "weight": 10,
            "value": {
              "min": 0.07,
              "max": 0.08,
              "step": 0.01
            }
          },
          {
            "minLevel": 75,
            "maxLevel": -1,
            "weight": 10,
            "value": {
              "min": 0.09,
              "max": 0.1,
              "step": 0.01
            }
          },
          {
            "minLevel": 101,
            "maxLevel": -1,
            "weight": 10,
            "value": {
              "min": 0.14,
              "max": 0.16,
              "step": 0.01
            }
          },
          {
            "minLevel": 102,
            "maxLevel": -1,
            "weight": 10,
            "value": {
              "min": 0.17,
              "max": 0.2,
              "step": 0.01
            }
          }
        ]
      },
      { "attribute": "the_vault:trap_disarming",
        "group": "ModTrapDisarming",
        "identifier": "the_vault:mod_trap_disarming",
        "tags": [
          "focusTrapDisarming"
        ],
        "tiers": [
          {
            "minLevel": 0,
            "maxLevel": -1,
            "weight": 10,
            "value": {
              "min": 0.04,
              "max": 0.06,
              "step": 0.01
            }
          },
          {
            "minLevel": 36,
            "maxLevel": -1,
            "weight": 10,
            "value": {
              "min": 0.07,
              "max": 0.09,
              "step": 0.01
            }
          },
          {
            "minLevel": 50,
            "maxLevel": -1,
            "weight": 10,
            "value": {
              "min": 0.1,
              "max": 0.12,
              "step": 0.01
            }
          },
          {
            "minLevel": 80,
            "maxLevel": -1,
            "weight": 10,
            "value": {
              "min": 0.13,
              "max": 0.15,
              "step": 0.01
            }
          },
          {
            "minLevel": 101,
            "maxLevel": -1,
            "weight": 10,
            "value": {
              "min": 0.16,
              "max": 0.19,
              "step": 0.01
            }
          },
          {
            "minLevel": 102,
            "maxLevel": -1,
            "weight": 10,
            "value": {
              "min": 0.2,
              "max": 0.25,
              "step": 0.01
            }
          }
        ]
      },
      { "attribute": "the_vault:soul_chance",
        "group": "ModSoulChance",
        "identifier": "the_vault:mod_soul_chance",
        "tags": [
          "focusSoulChance"
        ],
        "tiers": [
          {
            "minLevel": 0,
            "maxLevel": -1,
            "weight": 10,
            "value": {
              "min": 0.1,
              "max": 0.2,
              "step": 0.01
            }
          },
          {
            "minLevel": 28,
            "maxLevel": -1,
            "weight": 10,
            "value": {
              "min": 0.21,
              "max": 0.3,
              "step": 0.01
            }
          },
          {
            "minLevel": 45,
            "maxLevel": -1,
            "weight": 10,
            "value": {
              "min": 0.31,
              "max": 0.4,
              "step": 0.01
            }
          },
          {
            "minLevel": 75,
            "maxLevel": -1,
            "weight": 10,
            "value": {
              "min": 0.41,
              "max": 0.5,
              "step": 0.01
            }
          },
          {
            "minLevel": 101,
            "maxLevel": -1,
            "weight": 10,
            "value": {
              "min": 0.51,
              "max": 0.7,
              "step": 0.01
            }
          },
          {
            "minLevel": 102,
            "maxLevel": -1,
            "weight": 10,
            "value": {
              "min": 0.71,
              "max": 1.0,
              "step": 0.01
            }
          }
        ]
      },


      { "attribute": "the_vault:effect_avoidance",
        "group": "ModEffectAvoidance",
        "identifier": "the_vault:mod_effect_avoidance_poison",
        "tags": [
          "focusEffAvoidance"
        ],
        "tiers": [
          {
            "minLevel": 0,
            "maxLevel": 74,
            "weight": 10,
            "value": {
              "effectKey": "minecraft:poison",
              "minChance": 0.1,
              "maxChance": 0.3,
              "step": 0.01
            }
          },
          {
            "minLevel": 50,
            "maxLevel": -1,
            "weight": 10,
            "value": {
              "effectKey": "minecraft:poison",
              "minChance": 0.31,
              "maxChance": 0.6,
              "step": 0.01
            }
          },
          {
            "minLevel": 75,
            "maxLevel": -1,
            "weight": 10,
            "value": {
              "effectKey": "minecraft:poison",
              "minChance": 0.61,
              "maxChance": 0.9,
              "step": 0.01
            }
          },
          {
            "minLevel": 101,
            "maxLevel": -1,
            "weight": 10,
            "value": {
              "effectKey": "minecraft:poison",
              "minChance": 1.0,
              "maxChance": 1.0,
              "step": 0.01
            }
          }
        ]
      },
      { "attribute": "the_vault:effect_avoidance",
        "group": "ModEffectAvoidance",
        "identifier": "the_vault:mod_effect_avoidance_wither",
        "tags": [
          "focusEffAvoidance"
        ],
        "tiers": [
          {
            "minLevel": 0,
            "maxLevel": 74,
            "weight": 10,
            "value": {
              "effectKey": "minecraft:wither",
              "minChance": 0.1,
              "maxChance": 0.3,
              "step": 0.01
            }
          },
          {
            "minLevel": 50,
            "maxLevel": -1,
            "weight": 10,
            "value": {
              "effectKey": "minecraft:wither",
              "minChance": 0.31,
              "maxChance": 0.6,
              "step": 0.01
            }
          },
          {
            "minLevel": 75,
            "maxLevel": -1,
            "weight": 10,
            "value": {
              "effectKey": "minecraft:wither",
              "minChance": 0.61,
              "maxChance": 0.9,
              "step": 0.01
            }
          },
          {
            "minLevel": 101,
            "maxLevel": -1,
            "weight": 10,
            "value": {
              "effectKey": "minecraft:wither",
              "minChance": 1.0,
              "maxChance": 1.0,
              "step": 0.01
            }
          }
        ]
      },
      { "attribute": "the_vault:effect_avoidance",
        "group": "ModEffectAvoidance",
        "identifier": "the_vault:mod_effect_avoidance_fatigue",
        "tags": [
          "focusEffAvoidance"
        ],
        "tiers": [
          {
            "minLevel": 0,
            "maxLevel": 74,
            "weight": 10,
            "value": {
              "effectKey": "minecraft:mining_fatigue",
              "minChance": 0.1,
              "maxChance": 0.3,
              "step": 0.01
            }
          },
          {
            "minLevel": 50,
            "maxLevel": -1,
            "weight": 10,
            "value": {
              "effectKey": "minecraft:mining_fatigue",
              "minChance": 0.31,
              "maxChance": 0.6,
              "step": 0.01
            }
          },
          {
            "minLevel": 75,
            "maxLevel": -1,
            "weight": 10,
            "value": {
              "effectKey": "minecraft:mining_fatigue",
              "minChance": 0.61,
              "maxChance": 0.9,
              "step": 0.01
            }
          },
          {
            "minLevel": 101,
            "maxLevel": -1,
            "weight": 10,
            "value": {
              "effectKey": "minecraft:mining_fatigue",
              "minChance": 1.0,
              "maxChance": 1.0,
              "step": 0.01
            }
          }
        ]
      },
      { "attribute": "the_vault:effect_avoidance",
        "group": "ModEffectAvoidance",
        "identifier": "the_vault:mod_effect_avoidance_time",
        "tags": [
          "focusEffAvoidance"
        ],
        "tiers": [
          {
            "minLevel": 0,
            "maxLevel": 74,
            "weight": 10,
            "value": {
              "effectKey": "the_vault:time_acceleration",
              "minChance": 0.1,
              "maxChance": 0.3,
              "step": 0.01
            }
          },
          {
            "minLevel": 50,
            "maxLevel": -1,
            "weight": 10,
            "value": {
              "effectKey": "the_vault:time_acceleration",
              "minChance": 0.31,
              "maxChance": 0.6,
              "step": 0.01
            }
          },
          {
            "minLevel": 75,
            "maxLevel": -1,
            "weight": 10,
            "value": {
              "effectKey": "the_vault:time_acceleration",
              "minChance": 0.61,
              "maxChance": 0.9,
              "step": 0.01
            }
          },
          {
            "minLevel": 101,
            "maxLevel": -1,
            "weight": 10,
            "value": {
              "effectKey": "the_vault:time_acceleration",
              "minChance": 1.0,
              "maxChance": 1.0,
              "step": 0.01
            }
          }
        ]
      },
      { "attribute": "the_vault:effect_avoidance",
        "group": "ModEffectAvoidance",
        "identifier": "the_vault:mod_effect_avoidance_weakness",
        "tags": [
          "focusEffAvoidance"
        ],
        "tiers": [
          {
            "minLevel": 0,
            "maxLevel": 74,
            "weight": 10,
            "value": {
              "effectKey": "minecraft:weakness",
              "minChance": 0.1,
              "maxChance": 0.3,
              "step": 0.01
            }
          },
          {
            "minLevel": 50,
            "maxLevel": -1,
            "weight": 10,
            "value": {
              "effectKey": "minecraft:weakness",
              "minChance": 0.31,
              "maxChance": 0.6,
              "step": 0.01
            }
          },
          {
            "minLevel": 75,
            "maxLevel": -1,
            "weight": 10,
            "value": {
              "effectKey": "minecraft:weakness",
              "minChance": 0.61,
              "maxChance": 0.9,
              "step": 0.01
            }
          },
          {
            "minLevel": 101,
            "maxLevel": -1,
            "weight": 10,
            "value": {
              "effectKey": "minecraft:weakness",
              "minChance": 1.0,
              "maxChance": 1.0,
              "step": 0.01
            }
          }
        ]
      },
      { "attribute": "the_vault:effect_avoidance",
        "group": "ModEffectAvoidance",
        "identifier": "the_vault:mod_effect_avoidance_slowness",
        "tags": [
          "focusEffAvoidance"
        ],
        "tiers": [
          {
            "minLevel": 0,
            "maxLevel": 74,
            "weight": 10,
            "value": {
              "effectKey": "minecraft:slowness",
              "minChance": 0.1,
              "maxChance": 0.3,
              "step": 0.01
            }
          },
          {
            "minLevel": 50,
            "maxLevel": -1,
            "weight": 10,
            "value": {
              "effectKey": "minecraft:slowness",
              "minChance": 0.31,
              "maxChance": 0.6,
              "step": 0.01
            }
          },
          {
            "minLevel": 75,
            "maxLevel": -1,
            "weight": 10,
            "value": {
              "effectKey": "minecraft:slowness",
              "minChance": 0.61,
              "maxChance": 0.9,
              "step": 0.01
            }
          },
          {
            "minLevel": 101,
            "maxLevel": -1,
            "weight": 10,
            "value": {
              "effectKey": "minecraft:slowness",
              "minChance": 1.0,
              "maxChance": 1.0,
              "step": 0.01
            }
          }
        ]
      }
    ],
    "CRAFTED_SUFFIX": [
      { "attribute": "the_vault:mana_regen",
        "group": "ModManaRegen",
        "identifier": "the_vault:crafted_mana_regen",
        "tags": [
          "focusManaRegen"
        ],
        "tiers": [
          {
            "minLevel": 0,
            "maxLevel": -1,
            "weight": 100,
            "value": {
              "min": 0.1,
              "max": 0.2,
              "step": 0.01
            }
          },
          {
            "minLevel": 23,
            "maxLevel": -1,
            "weight": 90,
            "value": {
              "min": 0.21,
              "max": 0.3,
              "step": 0.01
            }
          },
          {
            "minLevel": 34,
            "maxLevel": -1,
            "weight": 80,
            "value": {
              "min": 0.31,
              "max": 0.4,
              "step": 0.01
            }
          },
          {
            "minLevel": 46,
            "maxLevel": -1,
            "weight": 70,
            "value": {
              "min": 0.41,
              "max": 0.5,
              "step": 0.01
            }
          },
          {
            "minLevel": 55,
            "maxLevel": -1,
            "weight": 60,
            "value": {
              "min": 0.51,
              "max": 0.6,
              "step": 0.01
            }
          },
          {
            "minLevel": 67,
            "maxLevel": -1,
            "weight": 60,
            "value": {
              "min": 0.61,
              "max": 0.7,
              "step": 0.01
            }
          },
          {
            "minLevel": 81,
            "maxLevel": -1,
            "weight": 60,
            "value": {
              "min": 0.71,
              "max": 0.8,
              "step": 0.01
            }
          },
          {
            "minLevel": 92,
            "maxLevel": -1,
            "weight": 60,
            "value": {
              "min": 0.81,
              "max": 1.0,
              "step": 0.01
            }
          }
        ]
      },
      { "attribute": "the_vault:durability",
        "group": "ModDurability",
        "identifier": "the_vault:crafted_durability",
        "tags": [
          "focusDurability"
        ],
        "tiers": [
          {
            "minLevel": 11,
            "maxLevel": -1,
            "weight": 100,
            "value": {
              "min": 400,
              "max": 800,
              "step": 1
            }
          },
          {
            "minLevel": 28,
            "maxLevel": -1,
            "weight": 100,
            "value": {
              "min": 801,
              "max": 1600,
              "step": 1
            }
          },
          {
            "minLevel": 46,
            "maxLevel": -1,
            "weight": 100,
            "value": {
              "min": 1601,
              "max": 2400,
              "step": 1
            }
          },
          {
            "minLevel": 67,
            "maxLevel": -1,
            "weight": 100,
            "value": {
              "min": 2401,
              "max": 3200,
              "step": 1
            }
          },
          {
            "minLevel": 89,
            "maxLevel": -1,
            "weight": 100,
            "value": {
              "min": 3201,
              "max": 4000,
              "step": 1
            }
          }
        ]
      },
      { "attribute": "the_vault:lucky_hit_chance",
        "group": "ModOnHit",
        "identifier": "the_vault:crafted_lucky_hit_chance",
        "tags": [
          "focusLuckyHitChance"
        ],
        "tiers": [
          {
            "minLevel": 25,
            "maxLevel": -1,
            "weight": 10,
            "value": {
              "min": 0.04,
              "max": 0.06,
              "step": 0.01
            }
          },
          {
            "minLevel": 50,
            "maxLevel": -1,
            "weight": 10,
            "value": {
              "min": 0.07,
              "max": 0.08,
              "step": 0.01
            }
          },
          {
            "minLevel": 75,
            "maxLevel": -1,
            "weight": 10,
            "value": {
              "min": 0.09,
              "max": 0.1,
              "step": 0.01
            }
          }
        ]
      },
      { "attribute": "the_vault:trap_disarming",
        "group": "ModTrapDisarming",
        "identifier": "the_vault:crafted_trap_disarming",
        "tags": [
          "focusTrapDisarming"
        ],
        "tiers": [
          {
            "minLevel": 0,
            "maxLevel": -1,
            "weight": 10,
            "value": {
              "min": 0.04,
              "max": 0.06,
              "step": 0.01
            }
          },
          {
            "minLevel": 36,
            "maxLevel": -1,
            "weight": 10,
            "value": {
              "min": 0.07,
              "max": 0.09,
              "step": 0.01
            }
          },
          {
            "minLevel": 50,
            "maxLevel": -1,
            "weight": 10,
            "value": {
              "min": 0.1,
              "max": 0.12,
              "step": 0.01
            }
          },
          {
            "minLevel": 80,
            "maxLevel": -1,
            "weight": 10,
            "value": {
              "min": 0.13,
              "max": 0.15,
              "step": 0.01
            }
          }
        ]
      },
      { "attribute": "the_vault:soul_chance",
        "group": "ModSoulChance",
        "identifier": "the_vault:crafted_soul_chance",
        "tags": [
          "focusSoulChance"
        ],
        "tiers": [
          {
            "minLevel": 22,
            "maxLevel": -1,
            "weight": 100,
            "value": {
              "min": 0.1,
              "max": 0.2,
              "step": 0.01
            }
          },
          {
            "minLevel": 44,
            "maxLevel": -1,
            "weight": 100,
            "value": {
              "min": 0.21,
              "max": 0.3,
              "step": 0.01
            }
          },
          {
            "minLevel": 66,
            "maxLevel": -1,
            "weight": 100,
            "value": {
              "min": 0.31,
              "max": 0.4,
              "step": 0.01
            }
          },
          {
            "minLevel": 87,
            "maxLevel": -1,
            "weight": 100,
            "value": {
              "min": 0.41,
              "max": 0.5,
              "step": 0.01
            }
          }
        ]
      },
      { "attribute": "the_vault:healing_effectiveness",
      "group": "ModHealth",
      "identifier": "the_vault:crafted_healing_efficiency",
      "tags": [
        "focusHealingEff"
      ],
      "tiers": [
        {
          "minLevel": 25,
          "maxLevel": -1,
          "weight": 10,
          "value": {
            "min": 0.05,
            "max": 0.1,
            "step": 0.01
          }
        },
        {
          "minLevel": 46,
          "maxLevel": -1,
          "weight": 10,
          "value": {
            "min": 0.11,
            "max": 0.18,
            "step": 0.01
          }
        },
        {
          "minLevel": 66,
          "maxLevel": -1,
          "weight": 10,
          "value": {
            "min": 0.19,
            "max": 0.26,
            "step": 0.01
          }
        },
        {
          "minLevel": 82,
          "maxLevel": -1,
          "weight": 10,
          "value": {
            "min": 0.27,
            "max": 0.32,
            "step": 0.01
          }
        },
        {
          "minLevel": 98,
          "maxLevel": -1,
          "weight": 10,
          "value": {
            "min": 0.38,
            "max": 0.42,
            "step": 0.01
          }
        }
      ]
      }
    ]
  }
}