{
  "entries": [
    {
      "roll": {
        "type": "uniform",
        "min": 20,
        "max": 23
      },
      "pool": [
        { "weight": 70,
          "pool": [
            {
                "weight": 8,
                "item": {
                "id": "the_vault:gilded_sconce",
                "count": {
                  "type": "uniform",
                  "min": 1,
                  "max": 1
                  }
                }
            },
            {
              "weight": 12,
              "item": {
              "id": "the_vault:gilded_ingot",
              "count": {
                "type": "uniform",
                "min": 1,
                "max": 2
                }
              }
            },
            {
                "weight": 8,
                "item": {
                "id": "the_vault:topaz_shard",
                "count": {
                  "type": "uniform",
                  "min": 1,
                  "max": 1
                  }
                }
            },
            {
              "weight": 10,
              "item": {
              "id": "minecraft:experience_bottle",
              "count": {
                "type": "uniform",
                "min": 1,
                "max": 1
                }
              }
            },
            {
              "weight": 4,
              "item": {
              "id": "the_vault:regret_nugget",
              "count": {
                "type": "uniform",
                "min": 1,
                "max": 1
                }
              }
            }
          ]
        },
        { "weight": 20,
        "pool": [
          {
            "weight": 12,
            "item": {
              "id": "the_vault:regret_nugget",
              "count": {
                "type": "uniform",
                "min": 1,
                "max": 2
                }
            }
          },
          {
            "weight": 12,
            "item": {
              "id": "the_vault:magic_silk",
              "count": {
                "type": "uniform",
                "min": 1,
                "max": 1
                }
            }
          },
          {
            "weight": 8,
            "item": {
              "id": "the_vault:vault_essence",
              "count": {
                "type": "uniform",
                "min": 1,
                "max": 1
                }
            }
          }
        ]
        },
        { "weight": 8,
          "pool": [
            {
              "weight": 11,
              "item": {
                "id": "the_vault:relic_booster_pack",
                "count": {
                  "type": "uniform",
                  "min": 1,
                  "max": 1
                  }
              }
            },
            {
              "weight": 3,
              "item": {
                "id": "the_vault:jewel",
                "nbt": {
                  "the_vault:gear_roll_type_pool": "jewel_normal"
                },
                "count": {
                  "type": "uniform",
                  "min": 1,
                  "max": 1
                  }
              }
            },
            {
              "weight": 5,
              "item": {
                "id": "the_vault:gemstone",
                "count": {
                  "type": "uniform",
                  "min": 1,
                  "max": 1
                  }
              }
            },
            {
              "weight": 14,
              "item": {
                "id": "the_vault:vault_diamond",
                "count": {
                  "type": "uniform",
                  "min": 1,
                  "max": 1
                  }
              }
            },
            {
              "weight": 6,
              "item": {
                "id": "the_vault:dreamstone",
                "count": {
                  "type": "uniform",
                  "min": 1,
                  "max": 1
                  }
              }
            }
        ]
        },
        { "weight": 2,
          "pool": [
            {
              "weight": 23,
              "item": {
                "id": "the_vault:jewel",
                "nbt": {
                  "the_vault:gear_roll_type_pool": "jewel_high"
                },
                "count": {
                  "type": "uniform",
                  "min": 1,
                  "max": 1
                  }
              }
            },
            {
              "weight": 1,
              "item": {
                "id": "the_vault:gilded_chest_scroll",
                "count": {
                  "type": "uniform",
                  "min": 1,
                  "max": 1
                  }
              }
            },
            {
              "weight": 1,
              "item": {
                "id": "the_vault:key_piece",
                "count": {
                  "type": "uniform",
                  "min": 1,
                  "max": 1
                  }
              }
            }
          ]
        }
      ]
    }
  ]
}