{
  "styles": {
    "Stonefall": {
      "x": 532,
      "y": 12,
      "specializationStyles": {
        "Stonefall_Base": {
          "icon": "the_vault:gui/abilities/stonefall"
        },
        "Stonefall_Snow": {
          "icon": "the_vault:gui/abilities/stonefall_snow"
        },
        "Stonefall_Cold": {
          "icon": "the_vault:gui/abilities/stonefall_cold"
        }
      }
    },
    "Hunter": {
      "x": 418,
      "y": 12,
      "specializationStyles": {
        "Hunter_Base": {
          "icon": "the_vault:gui/abilities/hunter"
        },
        "Hunter_Blocks": {
          "icon": "the_vault:gui/abilities/hunter_blocks"
        },

        "Hunter_Gilded": {
          "icon": "the_vault:gui/abilities/hunter_gilded"
        },
        "Hunter_Living": {
          "icon": "the_vault:gui/abilities/hunter_living"
        },
        "Hunter_Ornate": {
          "icon": "the_vault:gui/abilities/hunter_ornate"
        },
        "Hunter_Coins": {
          "icon": "the_vault:gui/abilities/hunter_coins"
        }
      }
    },
    "Ghost_Walk": {
      "x": 114,
      "y": 12,
      "specializationStyles": {
        "Ghost_Walk_Base": {
          "icon": "the_vault:gui/abilities/ghost_walk"
        },
        "Ghost_Walk_Spirit": {
          "icon": "the_vault:gui/abilities/ghost_walk_spirit_walk"
        }
      }
    },
    "Taunt": {
      "x": 494,
      "y": 12,
      "specializationStyles": {
        "Taunt_Base": {
          "icon": "the_vault:gui/abilities/taunt"
        },
        "Taunt_Repel": {
          "icon": "the_vault:gui/abilities/taunt_repel"
        },
        "Taunt_Charm": {
          "icon": "the_vault:gui/abilities/taunt_charm"
        }
      }
    },
    "Mega_Jump": {
      "x": 190,
      "y": 12,
      "specializationStyles": {
        "Mega_Jump_Base": {
          "icon": "the_vault:gui/abilities/mega_jump"
        },
        "Mega_Jump_Break_Down": {
          "icon": "the_vault:gui/abilities/mega_jump_break_down"
        }
      }
    },

    "Nova": {
      "x": 0,
      "y": 12,
      "specializationStyles": {
        "Nova_Base": {
          "icon": "the_vault:gui/abilities/nova"
        },
        "Nova_Slow": {
          "icon": "the_vault:gui/abilities/nova_speed"
        },
        "Nova_Dot": {
          "icon": "the_vault:gui/abilities/nova_dot"
        }
      }
    },
    "Mana_Shield": {
      "x": 570,
      "y": 12,
      "specializationStyles": {
        "Mana_Shield_Base": {
          "icon": "the_vault:gui/abilities/mana_shield"
        },
        "Mana_Shield_Retribution": {
          "icon": "the_vault:gui/abilities/mana_shield_retribution"
        },
        "Mana_Shield_Implode": {
          "icon": "the_vault:gui/abilities/mana_shield_implode"
        }
      }
    },
    "Heal": {
      "x": 304,
      "y": 12,
      "specializationStyles": {
        "Heal_Base": {
          "icon": "the_vault:gui/abilities/heal"
        },
        "Heal_Group": {
          "icon": "the_vault:gui/abilities/heal_group"
        },
        "Heal_Cleanse": {
          "icon": "the_vault:gui/abilities/heal_effect"
        }
      }
    },
    "Vein_Miner": {
      "x": 38,
      "y": 12,
      "specializationStyles": {
        "Vein_Miner_Base": {
          "icon": "the_vault:gui/abilities/vein_miner"
        },
        "Vein_Miner_Durability": {
          "icon": "the_vault:gui/abilities/vein_miner_durability"
        },
        "Vein_Miner_Void": {
          "icon": "the_vault:gui/abilities/vein_miner_void"
        }
      }
    },
    "Empower": {
      "x": 342,
      "y": 12,
      "specializationStyles": {
        "Empower_Base": {
          "icon": "the_vault:gui/abilities/empower"
        },
        "Empower_Ice_Armor": {
          "icon": "the_vault:gui/abilities/empower_ice_armour"
        },
        "Empower_Slowness_Aura": {
          "icon": "the_vault:gui/abilities/empower_entropy"
        }
      }
    },
    "Dash": {
      "x": 152,
      "y": 12,
      "specializationStyles": {
        "Dash_Base": {
          "icon": "the_vault:gui/abilities/dash"
        },
        "Dash_Damage": {
          "icon": "the_vault:gui/abilities/dash_damage"
        },
        "Dash_Warp": {
          "icon": "the_vault:gui/abilities/dash_warp"
        }
      }
    },
    "Totem": {
      "x": 266,
      "y": 12,
      "specializationStyles": {
        "Totem_Base": {
          "icon": "the_vault:gui/abilities/totem"
        },
        "Totem_Mob_Damage": {
          "icon": "the_vault:gui/abilities/totem_mob_damage"
        },
        "Totem_Mana_Regen": {
          "icon": "the_vault:gui/abilities/totem_mana_regen"
        },
        "Totem_Player_Damage": {
          "icon": "the_vault:gui/abilities/totem_player_damage"
        }
      }
    },
    "Rampage": {
      "x": 76,
      "y": 12,
      "specializationStyles": {
        "Rampage_Base": {
          "icon": "the_vault:gui/abilities/rampage"
        },
        "Rampage_Leech": {
          "icon": "the_vault:gui/abilities/rampage_leech"
        },
        "Rampage_Chain": {
          "icon": "the_vault:gui/abilities/rampage_chain"
        }
      }
    },
    "Farmer": {
      "x": 684,
      "y": 12,
      "specializationStyles": {
        "Farmer_Base": {
          "icon": "the_vault:gui/abilities/farmer"
        },
        "Farmer_Melon": {
          "icon": "the_vault:gui/abilities/farmer_melon"
        },
        "Farmer_Cactus": {
          "icon": "the_vault:gui/abilities/farmer_cactus"
        },
        "Farmer_Animal": {
          "icon": "the_vault:gui/abilities/farmer_animal"
        }
      }
    },
    "Javelin": {
      "x": 380,
      "y": 12,
      "specializationStyles": {
        "Javelin_Base": {
          "icon": "the_vault:gui/abilities/javelin"
        },
        "Javelin_Piercing": {
          "icon": "the_vault:gui/abilities/javelin_piercing"
        },
        "Javelin_Scatter": {
          "icon": "the_vault:gui/abilities/javelin_scatter"
        },
        "Javelin_Sight": {
          "icon": "the_vault:gui/abilities/javelin_sight"
        }
      }
    },
    "Smite": {
      "x": 456,
      "y": 12,
      "specializationStyles": {
        "Smite_Base": {
          "icon": "the_vault:gui/abilities/smite_hand2"
        },
        "Smite_Archon": {
          "icon": "the_vault:gui/abilities/smite_archon"
        }
      }
    },
    "Shell": {
      "x": 228,
      "y": 12,
      "specializationStyles": {
        "Shell_Base": {
          "icon": "the_vault:gui/abilities/shell"
        },
        "Shell_Porcupine": {
          "icon": "the_vault:gui/abilities/shell_porcupine"
        },
        "Shell_Quill": {
          "icon": "the_vault:gui/abilities/shell_quill"
        }
      }
    },
    "Fireball": {
      "x": 722,
      "y": 12,
      "specializationStyles": {
        "Fireball_Base": {
          "icon": "the_vault:gui/abilities/fireball"
        },
        "Fireball_Volley": {
          "icon": "the_vault:gui/abilities/fireball_volley"
        },
        "Fireball_Fireshot": {
          "icon": "the_vault:gui/abilities/fireball_fireshot"
        }
      }
    },
    "Storm_Arrow": {
      "x": 646,
      "y": 12,
      "specializationStyles": {
        "Storm_Arrow_Base": {
          "icon": "the_vault:gui/abilities/thunderstorm"
        },
        "Storm_Arrow_Blizzard": {
          "icon": "the_vault:gui/abilities/blizzard"
        }
      }
    },
    "Summon_Eternal": {
      "x": 760,
      "y": 12,
      "specializationStyles": {
        "Summon_Eternal_Base": {
          "icon": "the_vault:gui/abilities/summon_eternal"
        }
      }
    },
    "Battle_Cry": {
      "x": 608,
      "y": 12,
      "specializationStyles": {
        "Battle_Cry_Base": {
          "icon": "the_vault:gui/abilities/battle_cry"
        },
        "Battle_Cry_Spectral_Strike": {
          "icon": "the_vault:gui/abilities/battle_cry_spectral_strike"
        },
        "Battle_Cry_Lucky_Strike": {
          "icon": "the_vault:gui/abilities/battle_cry_lucky_strike"
        }
      }
    }
  }
}