{
  "dropChance": 0.2,
  "drops": {
    "the_vault:classic_vault_ice": {
      "the_vault:augment{theme:\"the_vault:classic_vault_ice\"}": 5,
      "the_vault:augment{theme:\"the_vault:classic_vault_ice_cave\"}": 3
    },
    "the_vault:classic_vault_ice_cave": {
      "the_vault:augment{theme:\"the_vault:classic_vault_ice\"}": 3,
      "the_vault:augment{theme:\"the_vault:classic_vault_ice_cave\"}": 5
    },
    "the_vault:classic_vault_cave": {
      "the_vault:augment{theme:\"the_vault:classic_vault_cave\"}": 5
    },
    "the_vault:classic_vault_lush_cave": {
      "the_vault:augment{theme:\"the_vault:classic_vault_lush_cave\"}": 5
    },
    "the_vault:classic_vault_living_cave": {
      "the_vault:augment{theme:\"the_vault:classic_vault_living_cave\"}": 5
    },
    "the_vault:classic_vault_nether_crimson": {
      "the_vault:augment{theme:\"the_vault:classic_vault_nether_crimson\"}": 5
    },
    "the_vault:classic_vault_nether_warped": {
      "the_vault:augment{theme:\"the_vault:classic_vault_nether_warped\"}": 5
    },
    "the_vault:classic_vault_desert": {
      "the_vault:augment{theme:\"the_vault:classic_vault_desert\"}": 5
    },
    "the_vault:classic_vault_sandy_cave": {
      "the_vault:augment{theme:\"the_vault:classic_vault_sandy_cave\"}": 5
    },
    "the_vault:classic_vault_beach": {
      "the_vault:augment{theme:\"the_vault:classic_vault_beach\"}": 5
    },
    "the_vault:classic_vault_mesa": {
      "the_vault:augment{theme:\"the_vault:classic_vault_mesa\"}": 5
    },
    "the_vault:classic_vault_deep_mesa": {
      "the_vault:augment{theme:\"the_vault:classic_vault_deep_mesa\"}": 5
    },
    "the_vault:classic_vault_void": {
      "the_vault:augment{theme:\"the_vault:classic_vault_void\"}": 5
    },
    "the_vault:classic_vault_factory_void": {
      "the_vault:augment{theme:\"the_vault:classic_vault_factory_void\"}": 5
    },
    "the_vault:classic_vault_cave_deepslate": {
      "the_vault:augment{theme:\"the_vault:classic_vault_cave_deepslate\"}": 5
    },
    "the_vault:classic_vault_cave_geode": {
      "the_vault:augment{theme:\"the_vault:classic_vault_cave_geode\"}": 5
    },
    "the_vault:classic_vault_cave_wasteland": {
      "the_vault:augment{theme:\"the_vault:classic_vault_cave_wasteland\"}": 5
    },
    "the_vault:classic_vault_end_void": {
      "the_vault:augment{theme:\"the_vault:classic_vault_end_void\"}": 5
    },
    "the_vault:classic_vault_nether_blackstone": {
      "the_vault:augment{theme:\"the_vault:classic_vault_nether_blackstone\"}": 5
    },
    "the_vault:classic_vault_nether_soul": {
      "the_vault:augment{theme:\"the_vault:classic_vault_nether_soul\"}": 5
    },
    "the_vault:classic_vault_sweet": {
      "the_vault:augment{theme:\"the_vault:classic_vault_festive\"}": 1,
      "the_vault:augment{theme:\"the_vault:classic_vault_gingerbread\"}": 1,
      "the_vault:augment{theme:\"the_vault:classic_vault_sweet\"}": 4
    },
    "the_vault:classic_vault_festive": {
      "the_vault:augment{theme:\"the_vault:classic_vault_festive\"}": 1
    },
    "the_vault:classic_vault_gingerbread": {
      "the_vault:augment{theme:\"the_vault:classic_vault_gingerbread\"}": 1
    },
    "the_vault:raw_vault_cave": {
      "minecraft:air": 1
    },
    "the_vault:raw_vault_cave_lvl10": {
      "minecraft:air": 1
    },
    "the_vault:raw_vault_cave_lvl20": {
      "minecraft:air": 1
    },
    "the_vault:raw_vault_cave_lvl30": {
      "minecraft:air": 1
    },
    "the_vault:classic_vault_mushroom": {
      "the_vault:augment{theme:\"the_vault:classic_vault_mushroom\"}": 5
    },
    "the_vault:classic_vault_fairy_ring": {
      "the_vault:augment{theme:\"the_vault:classic_vault_fairy_ring\"}": 5
    },
    "the_vault:classic_vault_poison": {
      "the_vault:augment{theme:\"the_vault:classic_vault_poison\"}": 5
    },
    "the_vault:classic_vault_haunted": {
      "the_vault:augment{theme:\"the_vault:classic_vault_haunted\"}": 5
    },
    "the_vault:classic_vault_shipwreck": {
      "the_vault:augment{theme:\"the_vault:classic_vault_shipwreck\"}": 5
    },
    "the_vault:classic_vault_flooded": {
      "the_vault:augment{theme:\"the_vault:classic_vault_flooded\"}": 5
    },
    "the_vault:classic_vault_sea_floor": {
      "the_vault:augment{theme:\"the_vault:classic_vault_sea_floor\"}": 5
    },
    "the_vault:classic_vault_easter_egg": {
      "the_vault:augment{theme:\"the_vault:classic_vault_easter_egg\"}": 5,
      "the_vault:augment{theme:\"the_vault:classic_vault_easter_pastel\"}": 3
    },
    "the_vault:classic_vault_easter_pastel": {
      "the_vault:augment{theme:\"the_vault:classic_vault_easter_egg\"}": 3,
      "the_vault:augment{theme:\"the_vault:classic_vault_easter_pastel\"}": 5
    },
    "the_vault:classic_vault_blood_moon": {
      "the_vault:augment{theme:\"the_vault:classic_vault_blood_moon\"}": 5
    },
    "the_vault:raw_vault_cave_granite": {
      "minecraft:air": 1
    },
    "the_vault:raw_vault_cave_granite_lvl10": {
      "minecraft:air": 1
    },
    "the_vault:raw_vault_cave_granite_lvl20": {
      "minecraft:air": 1
    },
    "the_vault:raw_vault_cave_granite_lvl30": {
      "minecraft:air": 1
    },
    "the_vault:raw_vault_cave_diorite": {
      "minecraft:air": 1
    },
    "the_vault:raw_vault_cave_diorite_lvl10": {
      "minecraft:air": 1
    },
    "the_vault:raw_vault_cave_diorite_lvl20": {
      "minecraft:air": 1
    },
    "the_vault:raw_vault_cave_diorite_lvl30": {
      "minecraft:air": 1
    },
    "the_vault:raw_vault_cave_andersite": {
      "minecraft:air": 1
    },
    "the_vault:raw_vault_cave_andersite_lvl10": {
      "minecraft:air": 1
    },
    "the_vault:raw_vault_cave_andersite_lvl20": {
      "minecraft:air": 1
    },
    "the_vault:raw_vault_cave_andersite_lvl30": {
      "minecraft:air": 1
    },
    "the_vault:classic_vault_chaos": {
      "the_vault:augment{theme:\"the_vault:classic_vault_beach\"}": 5,
      "the_vault:augment{theme:\"the_vault:classic_vault_blank\"}": 0,
      "the_vault:augment{theme:\"the_vault:classic_vault_blood_moon\"}": 5,
      "the_vault:augment{theme:\"the_vault:classic_vault_cave\"}": 5,
      "the_vault:augment{theme:\"the_vault:classic_vault_cave_deepslate\"}": 5,
      "the_vault:augment{theme:\"the_vault:classic_vault_cave_geode\"}": 5,
      "the_vault:augment{theme:\"the_vault:classic_vault_cave_wasteland\"}": 5,
      "the_vault:augment{theme:\"the_vault:classic_vault_deep_mesa\"}": 5,
      "the_vault:augment{theme:\"the_vault:classic_vault_desert\"}": 5,
      "the_vault:augment{theme:\"the_vault:classic_vault_easter_egg\"}": 5,
      "the_vault:augment{theme:\"the_vault:classic_vault_easter_pastel\"}": 5,
      "the_vault:augment{theme:\"the_vault:classic_vault_end_void\"}": 5,
      "the_vault:augment{theme:\"the_vault:classic_vault_factory_void\"}": 5,
      "the_vault:augment{theme:\"the_vault:classic_vault_fairy_ring\"}": 5,
      "the_vault:augment{theme:\"the_vault:classic_vault_festive\"}": 5,
      "the_vault:augment{theme:\"the_vault:classic_vault_flooded\"}": 5,
      "the_vault:augment{theme:\"the_vault:classic_vault_gingerbread\"}": 5,
      "the_vault:augment{theme:\"the_vault:classic_vault_haunted\"}": 5,
      "the_vault:augment{theme:\"the_vault:classic_vault_ice\"}": 5,
      "the_vault:augment{theme:\"the_vault:classic_vault_ice_cave\"}": 5,
      "the_vault:augment{theme:\"the_vault:classic_vault_living_cave\"}": 5,
      "the_vault:augment{theme:\"the_vault:classic_vault_lush_cave\"}": 5,
      "the_vault:augment{theme:\"the_vault:classic_vault_mesa\"}": 5,
      "the_vault:augment{theme:\"the_vault:classic_vault_mushroom\"}": 5,
      "the_vault:augment{theme:\"the_vault:classic_vault_nether_blackstone\"}": 5,
      "the_vault:augment{theme:\"the_vault:classic_vault_nether_crimson\"}": 5,
      "the_vault:augment{theme:\"the_vault:classic_vault_nether_soul\"}": 5,
      "the_vault:augment{theme:\"the_vault:classic_vault_nether_warped\"}": 5,
      "the_vault:augment{theme:\"the_vault:classic_vault_plastic\"}": 0,
      "the_vault:augment{theme:\"the_vault:classic_vault_poison\"}": 5,
      "the_vault:augment{theme:\"the_vault:classic_vault_raw_cave\"}": 0,
      "the_vault:augment{theme:\"the_vault:classic_vault_raw_cave_andersite\"}": 0,
      "the_vault:augment{theme:\"the_vault:classic_vault_raw_cave_diorite\"}": 0,
      "the_vault:augment{theme:\"the_vault:classic_vault_raw_cave_granite\"}": 0,
      "the_vault:augment{theme:\"the_vault:classic_vault_sandy_cave\"}": 5,
      "the_vault:augment{theme:\"the_vault:classic_vault_sea_floor\"}": 5,
      "the_vault:augment{theme:\"the_vault:classic_vault_shipwreck\"}": 5,
      "the_vault:augment{theme:\"the_vault:classic_vault_sweet\"}": 5,
      "the_vault:augment{theme:\"the_vault:classic_vault_void\"}": 5,
      "the_vault:augment{theme:\"the_vault:classic_vault_white\"}": 0
    },
    "the_vault:classic_vault_season_spring": {
      "the_vault:augment{theme:\"the_vault:classic_vault_season_spring\"}": 5
    },
    "the_vault:classic_vault_season_summer": {
      "the_vault:augment{theme:\"the_vault:classic_vault_season_summer\"}": 5
    },
    "the_vault:classic_vault_season_fall": {
      "the_vault:augment{theme:\"the_vault:classic_vault_season_fall\"}": 5
    },
    "the_vault:classic_vault_season_winter": {
      "the_vault:augment{theme:\"the_vault:classic_vault_season_winter\"}": 5
    }
  }
}