{
  "LEVELS": [
    { "MIN_LEVEL": 0,
      "ALTAR": "the_vault:altar/altar_0",
      "COMPLETION_CRATE": {
        "boss": "the_vault:completion_kill_lvl0",
        "scavenger": "the_vault:completion_scav_lvl0",
        "cake": "the_vault:completion_lvl0",
        "monolith": "the_vault:completion_mono_lvl0",
        "elixir": "the_vault:completion_elix_lvl0"
      },
      "GLADIATOR_CRATE": "the_vault:completion_crate_lvl0",
      "CHAMPION": "the_vault:champion_loot_lvl0",
      "TREASURE_GOBLIN": "the_vault:entities/lvl0/treasure_goblin",
      "ARTIFACT_CHANCE": 0.00
    },
    { "MIN_LEVEL": 5,
      "ALTAR": "the_vault:altar/altar_5",
      "COMPLETION_CRATE": {
        "boss": "the_vault:completion_kill_lvl0",
        "scavenger": "the_vault:completion_scav_lvl0",
        "cake": "the_vault:completion_lvl0",
        "monolith": "the_vault:completion_mono_lvl0",
        "elixir": "the_vault:completion_elix_lvl0"
      },
      "GLADIATOR_CRATE": "the_vault:completion_crate_lvl0",
      "CHAMPION": "the_vault:champion_loot_lvl0",
      "TREASURE_GOBLIN": "the_vault:entities/lvl0/treasure_goblin",
      "ARTIFACT_CHANCE": 0.03
    },
    { "MIN_LEVEL": 20,
      "ALTAR": "the_vault:altar/altar_25",
      "COMPLETION_CRATE": {
        "boss": "the_vault:completion_kill_lvl20",
        "scavenger": "the_vault:completion_scav_lvl20",
        "cake": "the_vault:completion_lvl27",
        "monolith": "the_vault:completion_mono_lvl20",
        "elixir": "the_vault:completion_elix_lvl20"
      },
      "GLADIATOR_CRATE": "the_vault:completion_crate_lvl0",
      "CHAMPION": "the_vault:champion_loot_lvl20",
      "TREASURE_GOBLIN": "the_vault:entities/lvl0/treasure_goblin",
      "ARTIFACT_CHANCE": 0.05
    }
  ]
}