{
  "MOD_RESEARCHES": [
    {
      "modIds": [
        "colossalchests"
      ],
      "restrictions": {
        "restricts": {
          "HITTABILITY": false,
          "BLOCK_INTERACTABILITY": false,
          "USABILITY": false,
          "CRAFTABILITY": true,
          "ENTITY_INTERACTABILITY": false
        }
      },
      "name": "Colossal Chests",
      "cost": 1,
      "usesKnowledge": true
    },
    {
      "modIds": [
        "storagenetwork"
      ],
      "restrictions": {
        "restricts": {
          "HITTABILITY": false,
          "BLOCK_INTERACTABILITY": false,
          "USABILITY": true,
          "CRAFTABILITY": true,
          "ENTITY_INTERACTABILITY": true
        }
      },
      "name": "Simple Storage Network",
      "cost": 1,
      "usesKnowledge": true
    },
    {
      "modIds": [
        "waystones"
      ],
      "restrictions": {
        "restricts": {
          "HITTABILITY": false,
          "BLOCK_INTERACTABILITY": true,
          "USABILITY": true,
          "CRAFTABILITY": true,
          "ENTITY_INTERACTABILITY": false
        }
      },
      "name": "Waystones",
      "cost": 1,
      "usesKnowledge": true
    },
    {
      "modIds": [
        "torchmaster"
      ],
      "restrictions": {
        "restricts": {
          "HITTABILITY": false,
          "BLOCK_INTERACTABILITY": false,
          "USABILITY": false,
          "CRAFTABILITY": true,
          "ENTITY_INTERACTABILITY": false
        }
      },
      "name": "Torch Master",
      "cost": 2,
      "usesKnowledge": true,
      "discoversModels": [
        "the_vault:gear/armor/torch/helmet",
        "the_vault:gear/armor/torch/chestplate",
        "the_vault:gear/armor/torch/leggings",
        "the_vault:gear/armor/torch/boots"
      ]
    },
    {
      "modIds": [
        "trashcans"
      ],
      "restrictions": {
        "restricts": {
          "HITTABILITY": false,
          "BLOCK_INTERACTABILITY": false,
          "USABILITY": false,
          "CRAFTABILITY": true,
          "ENTITY_INTERACTABILITY": false
        }
      },
      "name": "Trashcans",
      "cost": 1,
      "usesKnowledge": true,
      "discoversModels": [
        "the_vault:gear/armor/trash/helmet",
        "the_vault:gear/armor/trash/chestplate",
        "the_vault:gear/armor/trash/leggings",
        "the_vault:gear/armor/trash/boots"
      ]
    },
    {
      "modIds": [
        "buildinggadgets",
        "enercell"
      ],
      "restrictions": {
        "restricts": {
          "HITTABILITY": false,
          "BLOCK_INTERACTABILITY": true,
          "USABILITY": false,
          "CRAFTABILITY": true,
          "ENTITY_INTERACTABILITY": false
        }
      },
      "name": "Building Gadgets",
      "cost": 2,
      "usesKnowledge": true,
      "discoversModels": [
        "the_vault:gear/armor/builder/helmet",
        "the_vault:gear/armor/builder/chestplate",
        "the_vault:gear/armor/builder/leggings",
        "the_vault:gear/armor/builder/boots"
      ]
    },
    {
      "modIds": [
        "mininggadgets"
      ],
      "restrictions": {
        "restricts": {
          "HITTABILITY": false,
          "BLOCK_INTERACTABILITY": true,
          "USABILITY": true,
          "CRAFTABILITY": true,
          "ENTITY_INTERACTABILITY": false
        }
      },
      "name": "Mining Gadgets",
      "cost": 3,
      "usesKnowledge": true
    },
    {
      "modIds": [
        "storagedrawers"
      ],
      "restrictions": {
        "restricts": {
          "HITTABILITY": false,
          "BLOCK_INTERACTABILITY": false,
          "USABILITY": false,
          "CRAFTABILITY": true,
          "ENTITY_INTERACTABILITY": false
        }
      },
      "name": "Drawers",
      "cost": 1,
      "usesKnowledge": true
    },
    {
      "modIds": [
        "refinedstorage"
      ],
      "restrictions": {
        "restricts": {
          "HITTABILITY": false,
          "BLOCK_INTERACTABILITY": true,
          "USABILITY": true,
          "CRAFTABILITY": true,
          "ENTITY_INTERACTABILITY": false
        }
      },
      "name": "Refined Storage",
      "cost": 4,
      "usesKnowledge": true,
      "discoversModels": [
        "the_vault:gear/armor/arcade/helmet",
        "the_vault:gear/armor/arcade/chestplate",
        "the_vault:gear/armor/arcade/leggings",
        "the_vault:gear/armor/arcade/boots"
      ]
    },
    {
      "modIds": [
        "ae2"
      ],
      "restrictions": {
        "restricts": {
          "HITTABILITY": false,
          "BLOCK_INTERACTABILITY": true,
          "USABILITY": true,
          "CRAFTABILITY": true,
          "ENTITY_INTERACTABILITY": false
        }
      },
      "name": "Applied Energistics",
      "cost": 4,
      "usesKnowledge": true,
      "discoversModels": [
        "the_vault:gear/armor/robotic/helmet",
        "the_vault:gear/armor/robotic/chestplate",
        "the_vault:gear/armor/robotic/leggings",
        "the_vault:gear/armor/robotic/boots"
      ]
    },
    {
      "modIds": [
        "ironfurnaces"
      ],
      "restrictions": {
        "restricts": {
          "HITTABILITY": false,
          "BLOCK_INTERACTABILITY": false,
          "USABILITY": false,
          "CRAFTABILITY": true,
          "ENTITY_INTERACTABILITY": false
        }
      },
      "name": "Iron Furnaces",
      "cost": 4,
      "usesKnowledge": true
    },
    {
      "modIds": [
        "elevatorid"
      ],
      "restrictions": {
        "restricts": {
          "HITTABILITY": false,
          "BLOCK_INTERACTABILITY": false,
          "USABILITY": false,
          "CRAFTABILITY": true,
          "ENTITY_INTERACTABILITY": false
        }
      },
      "name": "Elevators",
      "cost": 1,
      "usesKnowledge": true
    },
    {
      "modIds": [
        "xnet"
      ],
      "restrictions": {
        "restricts": {
          "HITTABILITY": false,
          "BLOCK_INTERACTABILITY": false,
          "USABILITY": false,
          "CRAFTABILITY": true,
          "ENTITY_INTERACTABILITY": false
        }
      },
      "name": "Xnet",
      "cost": 4,
      "usesKnowledge": true,
      "discoversModels": [
        "the_vault:gear/armor/xnet/helmet",
        "the_vault:gear/armor/xnet/chestplate",
        "the_vault:gear/armor/xnet/leggings",
        "the_vault:gear/armor/xnet/boots"
      ]
    },
    {
      "modIds": [
        "modularrouters"
      ],
      "restrictions": {
        "restricts": {
          "HITTABILITY": false,
          "BLOCK_INTERACTABILITY": false,
          "USABILITY": false,
          "CRAFTABILITY": true,
          "ENTITY_INTERACTABILITY": false
        }
      },
      "name": "Modular Routers",
      "cost": 3,
      "usesKnowledge": true
    },
    {
      "modIds": [
        "pipez"
      ],
      "restrictions": {
        "restricts": {
          "HITTABILITY": false,
          "BLOCK_INTERACTABILITY": false,
          "USABILITY": false,
          "CRAFTABILITY": true,
          "ENTITY_INTERACTABILITY": false
        }
      },
      "name": "Pipez",
      "cost": 1,
      "usesKnowledge": true
    },
    {
      "modIds": [
        "chunkymcchunkface",
        "weirdinggadget"
      ],
      "restrictions": {
        "restricts": {
          "HITTABILITY": false,
          "BLOCK_INTERACTABILITY": false,
          "USABILITY": false,
          "CRAFTABILITY": true,
          "ENTITY_INTERACTABILITY": false
        }
      },
      "name": "Weirding Gadgets",
      "cost": 5,
      "usesKnowledge": true
    },
    {
      "modIds": [
        "ispawner"
      ],
      "restrictions": {
        "restricts": {
          "HITTABILITY": false,
          "BLOCK_INTERACTABILITY": true,
          "USABILITY": true,
          "CRAFTABILITY": true,
          "ENTITY_INTERACTABILITY": false
        }
      },
      "name": "Mob Spawners",
      "cost": 3,
      "usesKnowledge": true,
      "discoversModels": [
        "the_vault:gear/armor/zombie/helmet",
        "the_vault:gear/armor/zombie/chestplate",
        "the_vault:gear/armor/zombie/leggings",
        "the_vault:gear/armor/zombie/boots"
      ]
    },
    {
      "modIds": [
        "botania"
      ],
      "restrictions": {
        "restricts": {
          "HITTABILITY": false,
          "BLOCK_INTERACTABILITY": false,
          "USABILITY": false,
          "CRAFTABILITY": true,
          "ENTITY_INTERACTABILITY": false
        }
      },
      "name": "Botania",
      "cost": 6,
      "usesKnowledge": true,
      "discoversModels": [
        "the_vault:gear/armor/botania/helmet",
        "the_vault:gear/armor/botania/chestplate",
        "the_vault:gear/armor/botania/leggings",
        "the_vault:gear/armor/botania/boots"
      ]
    },
    {
      "modIds": [
        "mekanism"
      ],
      "restrictions": {
        "restricts": {
          "HITTABILITY": false,
          "BLOCK_INTERACTABILITY": false,
          "USABILITY": false,
          "CRAFTABILITY": true,
          "ENTITY_INTERACTABILITY": false
        }
      },
      "name": "Mekanism",
      "cost": 6,
      "usesKnowledge": true,
      "discoversModels": [
        "the_vault:gear/armor/meka_light/helmet",
        "the_vault:gear/armor/meka_light/chestplate",
        "the_vault:gear/armor/meka_light/leggings",
        "the_vault:gear/armor/meka_light/boots"
      ]
    },
    {
      "modIds": [
        "easy_villagers"
      ],
      "restrictions": {
        "restricts": {
          "HITTABILITY": false,
          "BLOCK_INTERACTABILITY": false,
          "USABILITY": false,
          "CRAFTABILITY": true,
          "ENTITY_INTERACTABILITY": false
        }
      },
      "name": "Easy Villagers",
      "cost": 2,
      "usesKnowledge": true,
      "discoversModels": [
        "the_vault:gear/armor/villager/helmet",
        "the_vault:gear/armor/villager/chestplate",
        "the_vault:gear/armor/villager/leggings",
        "the_vault:gear/armor/villager/boots"
      ]
    },
    {
      "modIds": [
        "easy_piglins"
      ],
      "restrictions": {
        "restricts": {
          "HITTABILITY": false,
          "BLOCK_INTERACTABILITY": false,
          "USABILITY": false,
          "CRAFTABILITY": true,
          "ENTITY_INTERACTABILITY": false
        }
      },
      "name": "Easy Piglins",
      "cost": 2,
      "usesKnowledge": true
    },
    {
      "modIds": [
        "darkutils"
      ],
      "restrictions": {
        "restricts": {
          "HITTABILITY": false,
          "BLOCK_INTERACTABILITY": false,
          "USABILITY": false,
          "CRAFTABILITY": true,
          "ENTITY_INTERACTABILITY": false
        }
      },
      "name": "Dark Utilities",
      "cost": 1,
      "usesKnowledge": true
    },
    {
      "modIds": [
        "create"
      ],
      "restrictions": {
        "restricts": {
          "HITTABILITY": false,
          "BLOCK_INTERACTABILITY": false,
          "USABILITY": false,
          "CRAFTABILITY": true,
          "ENTITY_INTERACTABILITY": false
        }
      },
      "name": "Create",
      "cost": 6,
      "usesKnowledge": true,
      "discoversModels": [
        "the_vault:gear/armor/create/helmet",
        "the_vault:gear/armor/create/chestplate",
        "the_vault:gear/armor/create/leggings",
        "the_vault:gear/armor/create/boots"
      ]
    },
    {
      "modIds": [
        "snad"
      ],
      "restrictions": {
        "restricts": {
          "HITTABILITY": false,
          "BLOCK_INTERACTABILITY": false,
          "USABILITY": false,
          "CRAFTABILITY": true,
          "ENTITY_INTERACTABILITY": false
        }
      },
      "name": "SNAD",
      "cost": 1,
      "usesKnowledge": true
    },
    {
      "modIds": [
        "cagerium"
      ],
      "restrictions": {
        "restricts": {
          "HITTABILITY": false,
          "BLOCK_INTERACTABILITY": true,
          "USABILITY": false,
          "CRAFTABILITY": true,
          "ENTITY_INTERACTABILITY": false
        }
      },
      "name": "Cagerium",
      "cost": 3,
      "usesKnowledge": true
    },
    {
      "modIds": [
        "botanypots"
      ],
      "restrictions": {
        "restricts": {
          "HITTABILITY": false,
          "BLOCK_INTERACTABILITY": true,
          "USABILITY": false,
          "CRAFTABILITY": true,
          "ENTITY_INTERACTABILITY": false
        }
      },
      "name": "Botany Pots",
      "cost": 4,
      "usesKnowledge": true,
      "discoversModels": [
        "the_vault:gear/armor/fairy/helmet",
        "the_vault:gear/armor/fairy/chestplate",
        "the_vault:gear/armor/fairy/leggings",
        "the_vault:gear/armor/fairy/boots"
      ]
    },
    {
      "modIds": [
        "fluxnetworks"
      ],
      "restrictions": {
        "restricts": {
          "HITTABILITY": true,
          "BLOCK_INTERACTABILITY": false,
          "USABILITY": false,
          "CRAFTABILITY": true,
          "ENTITY_INTERACTABILITY": true
        }
      },
      "name": "Flux Networks",
      "cost": 2,
      "usesKnowledge": true,
      "discoversModels": [
        "the_vault:gear/armor/flux/helmet",
        "the_vault:gear/armor/flux/chestplate",
        "the_vault:gear/armor/flux/leggings",
        "the_vault:gear/armor/flux/boots"
      ]
    },
    {
      "modIds": [
        "thermal"
      ],
      "restrictions": {
        "restricts": {
          "HITTABILITY": false,
          "BLOCK_INTERACTABILITY": false,
          "USABILITY": false,
          "CRAFTABILITY": true,
          "ENTITY_INTERACTABILITY": false
        }
      },
      "name": "Thermal Expansion",
      "cost": 4,
      "usesKnowledge": true,
      "discoversModels": [
        "the_vault:gear/armor/thermal/helmet",
        "the_vault:gear/armor/thermal/chestplate",
        "the_vault:gear/armor/thermal/leggings",
        "the_vault:gear/armor/thermal/boots"
      ]
    },
    {
      "modIds": [
        "powah"
      ],
      "restrictions": {
        "restricts": {
          "HITTABILITY": false,
          "BLOCK_INTERACTABILITY": false,
          "USABILITY": false,
          "CRAFTABILITY": true,
          "ENTITY_INTERACTABILITY": false
        }
      },
      "name": "Powah",
      "cost": 5,
      "usesKnowledge": true,
      "discoversModels": [
        "the_vault:gear/armor/powah/helmet",
        "the_vault:gear/armor/powah/chestplate",
        "the_vault:gear/armor/powah/leggings",
        "the_vault:gear/armor/powah/boots"
      ]
    },
    {
      "modIds": [
        "irongenerators"
      ],
      "restrictions": {
        "restricts": {
          "HITTABILITY": false,
          "BLOCK_INTERACTABILITY": false,
          "USABILITY": false,
          "CRAFTABILITY": true,
          "ENTITY_INTERACTABILITY": false
        }
      },
      "name": "Iron Generators",
      "cost": 1,
      "usesKnowledge": true
    },
    {
      "modIds": [
        "mekanismgenerators"
      ],
      "restrictions": {
        "restricts": {
          "HITTABILITY": false,
          "BLOCK_INTERACTABILITY": false,
          "USABILITY": false,
          "CRAFTABILITY": true,
          "ENTITY_INTERACTABILITY": false
        }
      },
      "name": "Mekanism Generators",
      "cost": 8,
      "usesKnowledge": true,
      "discoversModels": [
        "the_vault:gear/armor/meka_dark/helmet",
        "the_vault:gear/armor/meka_dark/chestplate",
        "the_vault:gear/armor/meka_dark/leggings",
        "the_vault:gear/armor/meka_dark/boots"
      ]
    }
  ],
  "CUSTOM_RESEARCHES": [
    {
      "itemRestrictions": {
        "ae2:molecular_assembler": {
          "restricts": {
            "HITTABILITY": true,
            "USABILITY": true,
            "CRAFTABILITY": true
          }
        },
        "mekanism:formulaic_assemblicator": {
          "restricts": {
            "HITTABILITY": true,
            "USABILITY": true,
            "CRAFTABILITY": true
          }
        },
        "refinedstorage:pattern_grid": {
          "restricts": {
            "USABILITY": true,
            "HITTABILITY": true,
            "CRAFTABILITY": true
          }
        },
        "ae2:pattern_encoding_terminal": {
          "restricts": {
            "USABILITY": true,
            "HITTABILITY": true,
            "CRAFTABILITY": true
          }
        },
        "ae2:pattern_access_terminal": {
          "restricts": {
            "USABILITY": true,
            "HITTABILITY": true,
            "CRAFTABILITY": true
          }
        },
        "ae2:pattern_provider": {
          "restricts": {
            "USABILITY": true,
            "HITTABILITY": true,
            "CRAFTABILITY": true
          }
        },
        "ae2:cable_pattern_provider": {
          "restricts": {
            "USABILITY": true,
            "HITTABILITY": true,
            "CRAFTABILITY": true
          }
        },
        "refinedstorage:crafter": {
          "restricts": {
            "HITTABILITY": true,
            "USABILITY": true,
            "CRAFTABILITY": true
          }
        },
        "rftoolsutility:crafter1": {
          "restricts": {
            "HITTABILITY": true,
            "USABILITY": true,
            "CRAFTABILITY": true
          }
        },
        "thermal:machine_crafter": {
          "restricts": {
            "HITTABILITY": true,
            "USABILITY": true,
            "CRAFTABILITY": true
          }
        },
        "create:mechanical_crafter": {
          "restricts": {
            "HITTABILITY": true,
            "USABILITY": true,
            "CRAFTABILITY": true
          }
        },
        "botania:crafting_halo": {
          "restricts": {
            "HITTABILITY": true,
            "USABILITY": true,
            "CRAFTABILITY": true
          }
        },
        "botania:auto_crafting_halo": {
          "restricts": {
            "HITTABILITY": true,
            "USABILITY": true,
            "CRAFTABILITY": true
          }
        },
        "botania:crafty_crate": {
          "restricts": {
            "HITTABILITY": true,
            "USABILITY": true,
            "CRAFTABILITY": true
          }
        },
        "ae2:blank_pattern": {
          "restricts": {
            "HITTABILITY": true,
            "USABILITY": true,
            "CRAFTABILITY": true
          }
        },
        "refinedstorage:pattern": {
          "restricts": {
            "HITTABILITY": true,
            "USABILITY": true,
            "CRAFTABILITY": true
          }
        }
      },
      "blockRestrictions": {},
      "entityRestrictions": {},
      "name": "Automatic Genius",
      "cost": 1,
      "usesKnowledge": true,
      "discoversModels": [
        "the_vault:gear/armor/atomatic/helmet",
        "the_vault:gear/armor/atomatic/chestplate",
        "the_vault:gear/armor/atomatic/leggings",
        "the_vault:gear/armor/atomatic/boots"
      ]
    },
    {
      "itemRestrictions": {
        "mekanism:portable_qio_dashboard": {
          "restricts": {
            "HITTABILITY": true,
            "USABILITY": true,
            "CRAFTABILITY": true
          }
        },
        "mekanism:qio_drive_base": {
          "restricts": {
            "HITTABILITY": true,
            "USABILITY": true,
            "CRAFTABILITY": true
          }
        },
        "mekanism:qio_drive_hyper_dense": {
          "restricts": {
            "HITTABILITY": true,
            "USABILITY": true,
            "CRAFTABILITY": true
          }
        },
        "mekanism:qio_drive_time_dilating": {
          "restricts": {
            "HITTABILITY": true,
            "USABILITY": true,
            "CRAFTABILITY": true
          }
        },
        "mekanism:qio_drive_supermassive": {
          "restricts": {
            "HITTABILITY": true,
            "USABILITY": true,
            "CRAFTABILITY": true
          }
        },
        "mekanism:qio_drive_array": {
          "restricts": {
            "HITTABILITY": true,
            "USABILITY": true,
            "CRAFTABILITY": true
          }
        },
        "mekanism:qio_dashboard": {
          "restricts": {
            "HITTABILITY": true,
            "USABILITY": true,
            "CRAFTABILITY": true
          }
        },
        "mekanism:qio_importer": {
          "restricts": {
            "HITTABILITY": true,
            "USABILITY": true,
            "CRAFTABILITY": true
          }
        },
        "mekanism:qio_exporter": {
          "restricts": {
            "HITTABILITY": true,
            "USABILITY": true,
            "CRAFTABILITY": true
          }
        },
        "mekanism:qio_redstone_adapter": {
          "restricts": {
            "HITTABILITY": true,
            "USABILITY": true,
            "CRAFTABILITY": true
          }
        }
      },
      "blockRestrictions": {},
      "entityRestrictions": {},
      "name": "Mekanism QIO",
      "cost": 6,
      "usesKnowledge": true
    },
    {
      "itemRestrictions": {
        "the_vault:vault_compass": {
          "restricts": {
            "HITTABILITY": true,
            "USABILITY": true,
            "CRAFTABILITY": true
          }
        }
      },
      "blockRestrictions": {},
      "entityRestrictions": {},
      "name": "Vault Compass",
      "cost": 1,
      "usesKnowledge": true
    },
    {
      "itemRestrictions": {
        "vaultintegrations:altar_conduit": {
          "restricts": {
            "HITTABILITY": true,
            "USABILITY": true,
            "CRAFTABILITY": true
          }
        },
        "vaultintegrations:speed_enhancement": {
          "restricts": {
            "HITTABILITY": true,
            "USABILITY": true,
            "CRAFTABILITY": true
          }
        },
        "vaultintegrations:quantity_enhancement": {
          "restricts": {
            "HITTABILITY": true,
            "USABILITY": true,
            "CRAFTABILITY": true
          }
        },
        "vaultintegrations:teleport_enhancement": {
          "restricts": {
            "HITTABILITY": true,
            "USABILITY": true,
            "CRAFTABILITY": true
          }
        }
      },
      "blockRestrictions": {},
      "entityRestrictions": {},
      "name": "Altar Automation",
      "cost": 32,
      "usesKnowledge": true
    },
    {
      "itemRestrictions": {
        "thermal:dynamo_stirling": {
          "restricts": {
            "HITTABILITY": true,
            "USABILITY": true,
            "CRAFTABILITY": true
          }
        },
        "thermal:dynamo_compression": {
          "restricts": {
            "HITTABILITY": true,
            "USABILITY": true,
            "CRAFTABILITY": true
          }
        },
        "thermal:dynamo_magmatic": {
          "restricts": {
            "HITTABILITY": true,
            "USABILITY": true,
            "CRAFTABILITY": true
          }
        },
        "thermal:dynamo_numismatic": {
          "restricts": {
            "HITTABILITY": true,
            "USABILITY": true,
            "CRAFTABILITY": true
          }
        },
        "thermal:dynamo_lapidary": {
          "restricts": {
            "HITTABILITY": true,
            "USABILITY": true,
            "CRAFTABILITY": true
          }
        },
        "thermal:dynamo_disenchantment": {
          "restricts": {
            "HITTABILITY": true,
            "USABILITY": true,
            "CRAFTABILITY": true
          }
        },
        "thermal:dynamo_gourmand": {
          "restricts": {
            "HITTABILITY": true,
            "USABILITY": true,
            "CRAFTABILITY": true
          }
        }
      },
      "blockRestrictions": {},
      "entityRestrictions": {},
      "name": "Thermal Dynamos",
      "cost": 2,
      "usesKnowledge": true
    },
    {
      "itemRestrictions": {
        "the_vault:bottle{type:\"potion\"}": {
          "restricts": {
            "HITTABILITY": true,
            "USABILITY": true,
            "CRAFTABILITY": true
            }
        }
          
      },
      "blockRestrictions": {},
      "entityRestrictions": {},
      "name": "Potions",
      "cost": 2,
      "usesKnowledge": true
    },
    {
      "itemRestrictions": {
        "the_vault:bottle{type:\"mixture\"}": {
          "restricts": {
            "HITTABILITY": true,
            "USABILITY": true,
            "CRAFTABILITY": true
            }
          }
      },
      "blockRestrictions": {},
      "entityRestrictions": {},
      "name": "Mixtures",
      "cost": 2,
      "usesKnowledge": true
    },
    {
      "itemRestrictions": {
        "the_vault:bottle{type:\"brew\"}": {
          "restricts": {
            "HITTABILITY": true,
            "USABILITY": true,
            "CRAFTABILITY": true
            }
          }
      },
      "blockRestrictions": {},
      "entityRestrictions": {},
      "name": "Brews",
      "cost": 2,
      "usesKnowledge": true
    },
    {
      "itemRestrictions": {
        "mekanism:digital_miner": {
          "restricts": {
            "HITTABILITY": true,
            "USABILITY": true,
            "CRAFTABILITY": true
          }
        }
      },
      "blockRestrictions": {},
      "entityRestrictions": {},
      "name": "Digital Miner",
      "cost": 6,
      "usesKnowledge": true
    },
    {
      "itemRestrictions": {
        "thermal:machine_insolator": {
          "restricts": {
            "HITTABILITY": true,
            "USABILITY": true,
            "CRAFTABILITY": true
          }
        }
      },
      "blockRestrictions": {},
      "entityRestrictions": {},
      "name": "Phytogenic Insulator",
      "cost": 2,
      "usesKnowledge": true
    },
    {
      "itemRestrictions": {
        "the_vault:vault_charm_controller": {
          "restricts": {
            "HITTABILITY": true,
            "USABILITY": true,
            "CRAFTABILITY": true
          }
        },
        "the_vault:vault_charm": {
          "restricts": {
            "HITTABILITY": true,
            "USABILITY": true,
            "CRAFTABILITY": true
          }
        },
        "the_vault:vault_charm_upgrade_tier_1": {
          "restricts": {
            "HITTABILITY": true,
            "USABILITY": true,
            "CRAFTABILITY": true
          }
        },
        "the_vault:vault_charm_upgrade_tier_2": {
          "restricts": {
            "HITTABILITY": true,
            "USABILITY": true,
            "CRAFTABILITY": true
          }
        },
        "the_vault:vault_charm_upgrade_tier_3": {
          "restricts": {
            "HITTABILITY": true,
            "USABILITY": true,
            "CRAFTABILITY": true
          }
        }
      },
      "blockRestrictions": {},
      "entityRestrictions": {},
      "name": "Junk Management",
      "cost": 2,
      "usesKnowledge": true,
      "discoversModels": [
        "the_vault:gear/armor/dank/helmet",
        "the_vault:gear/armor/dank/chestplate",
        "the_vault:gear/armor/dank/leggings",
        "the_vault:gear/armor/dank/boots"
      ]
    },
    
    {
      "itemRestrictions": {
      },
      "blockRestrictions": {},
      "entityRestrictions": {},
      "name": "Pouches",
      "cost": 1,
      "usesKnowledge": true
    },
    {
      "itemRestrictions": {
        "sophisticatedbackpacks:stack_upgrade_tier_1": {
          "restricts": {
            "HITTABILITY": false,
            "USABILITY": false,
            "CRAFTABILITY": true
          }
        },
        "sophisticatedbackpacks:stack_upgrade_tier_2": {
          "restricts": {
            "HITTABILITY": false,
            "USABILITY": false,
            "CRAFTABILITY": true
          }
        },
        "sophisticatedbackpacks:stack_upgrade_tier_3": {
          "restricts": {
            "HITTABILITY": false,
            "USABILITY": false,
            "CRAFTABILITY": true
          }
        },
        "sophisticatedbackpacks:stack_upgrade_tier_4": {
          "restricts": {
            "HITTABILITY": false,
            "USABILITY": false,
            "CRAFTABILITY": true
          }
        }
      },
      "blockRestrictions": {},
      "entityRestrictions": {},
      "name": "Stack Upgrading",
      "cost": 1,
      "usesKnowledge": true
    },
    {
      "itemRestrictions": {
        "sophisticatedbackpacks:refill_upgrade": {
          "restricts": {
            "HITTABILITY": false,
            "USABILITY": false,
            "CRAFTABILITY": true
          }
        },
        "sophisticatedbackpacks:advanced_refill_upgrade": {
          "restricts": {
            "HITTABILITY": false,
            "USABILITY": false,
            "CRAFTABILITY": true
          }
        }
      },
      "blockRestrictions": {},
      "entityRestrictions": {},
      "name": "Auto Refill",
      "cost": 1,
      "usesKnowledge": true
    },
    {
      "itemRestrictions": {
        "sophisticatedbackpacks:feeding_upgrade": {
          "restricts": {
            "HITTABILITY": false,
            "USABILITY": false,
            "CRAFTABILITY": true
          }
        },
        "sophisticatedbackpacks:advanced_feeding_upgrade": {
          "restricts": {
            "HITTABILITY": false,
            "USABILITY": false,
            "CRAFTABILITY": true
          }
        }
      },
      "blockRestrictions": {},
      "entityRestrictions": {},
      "name": "Auto Feeding",
      "cost": 1,
      "usesKnowledge": true
    },
    {
      "itemRestrictions": {
        "sophisticatedbackpacks:iron_backpack": {
          "restricts": {
            "HITTABILITY": false,
            "USABILITY": false,
            "CRAFTABILITY": true
          }
        }
      },
      "blockRestrictions": {},
      "entityRestrictions": {},
      "name": "Double Pouches",
      "cost": 1,
      "usesKnowledge": true
    },
    {
      "itemRestrictions": {
        "sophisticatedbackpacks:gold_backpack": {
          "restricts": {
            "HITTABILITY": false,
            "USABILITY": false,
            "CRAFTABILITY": true
          }
        }
      },
      "blockRestrictions": {},
      "entityRestrictions": {},
      "name": "Belts",
      "cost": 1,
      "usesKnowledge": true
    },
    {
      "itemRestrictions": {
        "sophisticatedbackpacks:diamond_backpack": {
          "restricts": {
            "HITTABILITY": false,
            "USABILITY": false,
            "CRAFTABILITY": true
          }
        }
      },
      "blockRestrictions": {},
      "entityRestrictions": {},
      "name": "Backpacks",
      "cost": 2,
      "usesKnowledge": true
    },
    {
      "itemRestrictions": {
        "sophisticatedbackpacks:netherite_backpack": {
          "restricts": {
            "HITTABILITY": false,
            "USABILITY": false,
            "CRAFTABILITY": true
          }
        }
      },
      "blockRestrictions": {},
      "entityRestrictions": {},
      "name": "Big Backpacks",
      "cost": 3,
      "usesKnowledge": true
    },
    
    {
      "itemRestrictions": {
        "the_vault:vault_harvester": {
          "restricts": {
            "HITTABILITY": true,
            "USABILITY": true,
            "CRAFTABILITY": true
          }
        }
      },
      "blockRestrictions": {},
      "entityRestrictions": {},
      "name": "Soul Harvester",
      "cost": 2,
      "usesKnowledge": true
    },
    {
      "itemRestrictions": {
        "the_vault:botania:mana_fluxfield": {
          "restricts": {
            "HITTABILITY": true,
            "USABILITY": true,
            "CRAFTABILITY": true
          }
        }
      },
      "blockRestrictions": {},
      "entityRestrictions": {},
      "name": "Botania Flux Field",
      "cost": 2,
      "usesKnowledge": true
    }
  ]
}