{
  "jewelCuttingInput": {
    "mainInput": {
      "item": "the_vault:silver_scrap",
      "amount": 5
    },
    "secondInput": {
      "item": "the_vault:vault_bronze",
      "amount": 16
    }
  },
  "jewelCuttingOutput": {
    "mainOutput": {
      "chance": 1.0,
      "stack": {
        "item": "the_vault:gemstone"
      },
      "minCount": 1,
      "maxCount": 1
    },
    "extraOutput1": {
      "chance": 1.0,
      "stack": {
        "item": "the_vault:gem_wutodie"
      },
      "minCount": 1,
      "maxCount": 4
    },
    "extraOutput2": {
      "chance": 0.0,
      "stack": {
        "item": "minecraft:air"
      },
      "minCount": 1,
      "maxCount": 1
    }
  },
  "jewelCuttingRange": {
    "min": 1,
    "max": 10
  },
  "jewelCuttingModifierRemovalChance": 0.5
}